PMID,Title,Authors,Citation,First Author,Journal/Book,Publication Year,Create Date,PMCID,NIHMS ID,DOI
"40687901","Pharmacokinetics and Safety with Bioequivalence of Isosorbide Mononitrate Sustained-Release Tablets in Chinese Healthy Volunteers: Bioequivalence Study","Wu B, Wang W, Zhang Q, Yu G, Lin J, Zhang T, Ye L, Wang K, Zhang W, Wu X.","Drug Des Devel Ther. 2025 Jul 14;19:6025-6035. doi: 10.2147/DDDT.S508202. eCollection 2025.","Wu B","Drug Des Devel Ther","2025","2025/07/21","PMC12274271","","10.2147/DDDT.S508202"
"32034814","Evaluation of pharmacokinetics and safety with bioequivalence of Amlodipine in healthy Chinese volunteers: Bioequivalence Study Findings","Wang T, Wang Y, Lin S, Fang L, Lou S, Zhao D, Zhu J, Yang Q, Wang Y.","J Clin Lab Anal. 2020 Jun;34(6):e23228. doi: 10.1002/jcla.23228. Epub 2020 Feb 7.","Wang T","J Clin Lab Anal","2020","2020/02/09","PMC7307347","","10.1002/jcla.23228"
"30710324","Systemic Bioequivalence Is Unlikely to Equal Target Site Bioequivalence for Nanotechnology Oncologic Products","Au JL, Lu Z, Abbiati RA, Wientjes MG.","AAPS J. 2019 Feb 1;21(2):24. doi: 10.1208/s12248-019-0296-z.","Au JL","AAPS J","2019","2019/02/03","PMC6432930","NIHMS1009981","10.1208/s12248-019-0296-z"
"40781573","Assessment of Pharmacokinetics and Safety with Bioequivalence of the Nitroglycerin Sublingual Tablets of Two Formulations in Chinese Healthy Subjects: A Bioequivalence Study","Fu Q, Huang C, Yuan Y, Wang Y, Zhu B, Liu Y, Tian F, Xu X, Yang L, Xu Y, Wang Y.","Drugs R D. 2025 Sep;25(3):263-274. doi: 10.1007/s40268-025-00519-4. Epub 2025 Aug 8.","Fu Q","Drugs R D","2025","2025/08/09","PMC12460201","","10.1007/s40268-025-00519-4"
"24151591","Pharmacokinetics and bioequivalence evaluation of cyclobenzaprine tablets","Brioschi TM, Schramm SG, Kano EK, Koono EE, Ching TH, Serra CH, Porta V.","Biomed Res Int. 2013;2013:281392. doi: 10.1155/2013/281392. Epub 2013 Sep 16.","Brioschi TM","Biomed Res Int","2013","2013/10/24","PMC3787571","","10.1155/2013/281392"
"37384214","Evaluation of Pharmacokinetics and Safety with Bioequivalence of Ibuprofen Sustained-Release Capsules of Two Formulations, in Chinese Healthy Volunteers: Bioequivalence Study","Huang C, Yin Z, Yang Y, Mo N, Yang H, Wang Y.","Drug Des Devel Ther. 2023 Jun 23;17:1881-1888. doi: 10.2147/DDDT.S404756. eCollection 2023.","Huang C","Drug Des Devel Ther","2023","2023/06/29","PMC10295470","","10.2147/DDDT.S404756"
"28706331","Bioequivalence of generic and branded amoxicillin capsules in healthy human volunteers","Pathak P, Pandit VA, Dhande PP.","Indian J Pharmacol. 2017 Mar-Apr;49(2):176-181. doi: 10.4103/ijp.IJP_793_16.","Pathak P","Indian J Pharmacol","2017","2017/07/15","PMC5497440","","10.4103/ijp.IJP_793_16"
"20532429","Bioequivalence: tried and tested","Schall R, Endrenyi L.","Cardiovasc J Afr. 2010 Mar-Apr;21(2):69-71.","Schall R","Cardiovasc J Afr","2010","2010/06/10","PMC3721767","",""
"22087062","Bioequivalence assessment of two formulations of ibuprofen","Al-Talla ZA, Akrawi SH, Tolley LT, Sioud SH, Zaater MF, Emwas AH.","Drug Des Devel Ther. 2011;5:427-33. doi: 10.2147/DDDT.S24504. Epub 2011 Oct 19.","Al-Talla ZA","Drug Des Devel Ther","2011","2011/11/17","PMC3210071","","10.2147/DDDT.S24504"
"28379643","Integrating In Vitro, Modeling, and In Vivo Approaches to Investigate Warfarin Bioequivalence","Zhang X, Wen H, Fan J, Vince B, Li T, Gao W, Kinjo M, Brown J, Sun W, Jiang W, Lionberger R.","CPT Pharmacometrics Syst Pharmacol. 2017 Aug;6(8):523-531. doi: 10.1002/psp4.12198. Epub 2017 Jul 13.","Zhang X","CPT Pharmacometrics Syst Pharmacol","2017","2017/04/06","PMC5572358","","10.1002/psp4.12198"
"16146349","Bioequivalence studies for levothyroxine","Bolton S.","AAPS J. 2005 Mar 30;7(1):E47-53. doi: 10.1208/aapsj070106.","Bolton S","AAPS J","2005","2005/09/09","PMC2751496","","10.1208/aapsj070106"
"24428315","Bioequivalence of orally administered generic, compounded, and innovator-formulated itraconazole in healthy dogs","Mawby DI, Whittemore JC, Genger S, Papich MG.","J Vet Intern Med. 2014 Jan-Feb;28(1):72-7. doi: 10.1111/jvim.12219. Epub 2013 Nov 1.","Mawby DI","J Vet Intern Med","2014","2014/01/17","PMC4895533","","10.1111/jvim.12219"
"26875198","A Multi-centric Bioequivalence Trial in Ph+ Chronic Myeloid Leukemia Patients to Assess Bioequivalence and Safety Evaluation of Generic Imatinib Mesylate 400 mg Tablets","Arora R, Sharma M, Monif T, Iyer S.","Cancer Res Treat. 2016 Jul;48(3):1120-9. doi: 10.4143/crt.2015.436. Epub 2016 Feb 12.","Arora R","Cancer Res Treat","2016","2016/02/15","PMC4946363","","10.4143/crt.2015.436"
"40859973","Bioequivalence Study of Palbociclib Tablets in Healthy Volunteers","Hu Y, Zhao N, Song H, Zhang J, Bi L, Qiu B, Xu Y, Jia C, Bai W.","Drug Des Devel Ther. 2025 Aug 18;19:7111-7121. doi: 10.2147/DDDT.S518617. eCollection 2025.","Hu Y","Drug Des Devel Ther","2025","2025/08/27","PMC12372830","","10.2147/DDDT.S518617"
"16718762","Pharmacokinetics and bioequivalence of ranitidine and bismuth derived from two compound preparations","Zhou Q, Ruan ZR, Yuan H, Jiang B, Xu DH.","World J Gastroenterol. 2006 May 7;12(17):2742-8. doi: 10.3748/wjg.v12.i17.2742.","Zhou Q","World J Gastroenterol","2006","2006/05/24","PMC4130984","","10.3748/wjg.v12.i17.2742"
"32910283","Between-Batch Bioequivalence (BBE): a Statistical Test to Evaluate In Vitro Bioequivalence Considering the Between-Batch Variability","Bodin J, Liandrat S, Kocevar G, Petitcolas C.","AAPS J. 2020 Sep 10;22(5):119. doi: 10.1208/s12248-020-00486-5.","Bodin J","AAPS J","2020","2020/09/10","PMC7651657","","10.1208/s12248-020-00486-5"
"33835016","Pharmacokinetics of oral pridinol: Results of a randomized, crossover bioequivalence trial in healthy subjects","Richter M, Donath F, Wedemeyer RS, Warnke A, Horstmann A, Peschel C.","Int J Clin Pharmacol Ther. 2021 Jun;59(6):471-477. doi: 10.5414/CP203900.","Richter M","Int J Clin Pharmacol Ther","2021","2021/04/09","PMC8167741","","10.5414/CP203900"
"25716149","Pharmacodynamic Studies to Demonstrate Bioequivalence of Oral Inhalation Products","Hendeles L, Daley-Yates PT, Hermann R, De Backer J, Dissanayake S, Horhota ST.","AAPS J. 2015 May;17(3):758-68. doi: 10.1208/s12248-015-9735-7. Epub 2015 Feb 26.","Hendeles L","AAPS J","2015","2015/02/27","PMC4406969","","10.1208/s12248-015-9735-7"
"34045962","Current Bioequivalence Study Designs in South Korea: A Comprehensive Analysis of Bioequivalence Study Reports Between 2013 and 2019","Huh KY, Kim E, Lee S, Yoo H, Yoon S, Yu KS, Chung JY.","Front Pharmacol. 2021 May 4;12:651790. doi: 10.3389/fphar.2021.651790. eCollection 2021.","Huh KY","Front Pharmacol","2021","2021/05/28","PMC8147690","","10.3389/fphar.2021.651790"
"22024529","Bioequivalence of dispersed stavudine: opened versus closed capsule dosing","Innes S, Norman J, Smith P, Smuts M, Capparelli E, Rosenkranz B, Cotton M.","Antivir Ther. 2011;16(7):1131-4. doi: 10.3851/IMP1876.","Innes S","Antivir Ther","2011","2011/10/26","PMC5054241","NIHMS775873","10.3851/IMP1876"
"25408492","Likelihood approach for evaluating bioequivalence of highly variable drugs","Du L, Choi L.","Pharm Stat. 2015 Mar-Apr;14(2):82-94. doi: 10.1002/pst.1661. Epub 2014 Nov 19.","Du L","Pharm Stat","2015","2014/11/20","PMC4482106","NIHMS689478","10.1002/pst.1661"
"37896259","Predictive Potential of C(max) Bioequivalence in Pilot Bioavailability/Bioequivalence Studies, through the Alternative ƒ(2) Similarity Factor Method","Henriques SC, Paixão P, Almeida L, Silva NE.","Pharmaceutics. 2023 Oct 20;15(10):2498. doi: 10.3390/pharmaceutics15102498.","Henriques SC","Pharmaceutics","2023","2023/10/28","PMC10610255","","10.3390/pharmaceutics15102498"
"33088408","Bioequivalence studies in Morocco","Zaoui S, Fadili W.","Pan Afr Med J. 2020 Aug 14;36:279. doi: 10.11604/pamj.2020.36.279.22241. eCollection 2020.","Zaoui S","Pan Afr Med J","2020","2020/10/22","PMC7545973","","10.11604/pamj.2020.36.279.22241"
"40488547","Pharmacokinetics, Bioequivalence, and Safety Studies of Crisaborole Ointment in Healthy Chinese Subjects","Wang Y, Zhao X, Wang T, Xiong L, Liu X, Pan J, Yin W, Zhang C, Dong J, Zhao K.","Clin Pharmacol Drug Dev. 2025 Aug;14(8):614-620. doi: 10.1002/cpdd.1552. Epub 2025 Jun 9.","Wang Y","Clin Pharmacol Drug Dev","2025","2025/06/09","PMC12314107","","10.1002/cpdd.1552"
"38017512","In silico prediction of bioequivalence of atorvastatin tablets based on GastroPlus™ software","Wang L, Chen J, Chen W, Ruan Z, Lou H, Yang D, Jiang B.","BMC Pharmacol Toxicol. 2023 Nov 28;24(1):69. doi: 10.1186/s40360-023-00689-4.","Wang L","BMC Pharmacol Toxicol","2023","2023/11/29","PMC10685666","","10.1186/s40360-023-00689-4"
"34465979","Multivariate Assessment for Bioequivalence Based on the Correlation of Random Effect","An H, Shin D.","Drug Des Devel Ther. 2021 Aug 23;15:3675-3683. doi: 10.2147/DDDT.S318576. eCollection 2021.","An H","Drug Des Devel Ther","2021","2021/09/01","PMC8396372","","10.2147/DDDT.S318576"
"34267501","An Update Review of Biosimilars of Adalimumab in Psoriasis - Bioequivalence and Interchangeability","Zhou X, Chen Z, Bi X.","Drug Des Devel Ther. 2021 Jul 8;15:2987-2998. doi: 10.2147/DDDT.S317382. eCollection 2021.","Zhou X","Drug Des Devel Ther","2021","2021/07/16","PMC8275172","","10.2147/DDDT.S317382"
"27016518","Assessing bioequivalence of generic modified-release antiepileptic drugs","Johnson EL, Chang YT, Davit B, Gidal BE, Krauss GL.","Neurology. 2016 Apr 26;86(17):1597-604. doi: 10.1212/WNL.0000000000002607. Epub 2016 Mar 25.","Johnson EL","Neurology","2016","2016/03/27","PMC4844239","","10.1212/WNL.0000000000002607"
"30214149","Focus on biosimilar etanercept - bioequivalence and interchangeability","Cantini F, Benucci M.","Biologics. 2018 Aug 30;12:87-95. doi: 10.2147/BTT.S126854. eCollection 2018.","Cantini F","Biologics","2018","2018/09/15","PMC6121755","","10.2147/BTT.S126854"
"26130835","Pharmacokinetics and bioequivalence of 2 meloxicam oral dosage formulations in healthy adult horses","Vivancos M, Barker J, Engbers S, Fischer C, Frederick J, Friedt H, Rybicka JM, Stastny T, Banse H, Cribb AE.","Can Vet J. 2015 Jul;56(7):730-6.","Vivancos M","Can Vet J","2015","2015/07/02","PMC4466825","",""
"27470430","Pharmacokinetic Bioequivalence of Two Inhaled Tiotropium Bromide Formulations in Healthy Volunteers","Algorta J, Andrade L, Medina M, Kirkov V, Arsova S, Li F, Chi J.","Clin Drug Investig. 2016 Sep;36(9):753-762. doi: 10.1007/s40261-016-0441-8.","Algorta J","Clin Drug Investig","2016","2016/07/30","PMC4987402","","10.1007/s40261-016-0441-8"
"37631056","A Comparative Pharmacokinetic Study of Fexuprazan 10 mg: Demonstrating Bioequivalence with the Reference Formulation and Evaluating Steady State","Shin W, Yang AY, Park H, Lee H, Yoo H, Kim A.","Pharmaceuticals (Basel). 2023 Aug 11;16(8):1141. doi: 10.3390/ph16081141.","Shin W","Pharmaceuticals (Basel)","2023","2023/08/26","PMC10458111","","10.3390/ph16081141"
"38895175","Pharmacokinetics and Bioequivalence of Apremilast Tablets in Chinese Healthy Subjects Under Fasting and Postprandial States","Bai W, Sun X, Qiu B, Guo C, Song H, Hu Y, Zhang X, Yin P, Wang X, Dong Z.","Drug Des Devel Ther. 2024 Jun 14;18:2273-2285. doi: 10.2147/DDDT.S461771. eCollection 2024.","Bai W","Drug Des Devel Ther","2024","2024/06/19","PMC11185170","","10.2147/DDDT.S461771"
"27539717","Open Flow Microperfusion as a Dermal Pharmacokinetic Approach to Evaluate Topical Bioequivalence","Bodenlenz M, Tiffner KI, Raml R, Augustin T, Dragatin C, Birngruber T, Schimek D, Schwagerle G, Pieber TR, Raney SG, Kanfer I, Sinner F.","Clin Pharmacokinet. 2017 Jan;56(1):91-98. doi: 10.1007/s40262-016-0442-z.","Bodenlenz M","Clin Pharmacokinet","2017","2016/08/20","PMC5222896","","10.1007/s40262-016-0442-z"
"1457263","Bioequivalence of inhaled medications","Boyes RN.","Br J Clin Pharmacol. 1992 Oct;34(4):309. doi: 10.1111/j.1365-2125.1992.tb05635.x.","Boyes RN","Br J Clin Pharmacol","1992","1992/10/01","PMC1381410","","10.1111/j.1365-2125.1992.tb05635.x"
"22826032","Bioequivalence requirements in the European Union: critical discussion","García-Arieta A, Gordon J.","AAPS J. 2012 Dec;14(4):738-48. doi: 10.1208/s12248-012-9382-1. Epub 2012 Jul 24.","García-Arieta A","AAPS J","2012","2012/07/25","PMC3475855","","10.1208/s12248-012-9382-1"
"19806461","Bioequivalence; its history, practice, and future","Midha KK, McKay G.","AAPS J. 2009 Dec;11(4):664-70. doi: 10.1208/s12248-009-9142-z. Epub 2009 Oct 6.","Midha KK","AAPS J","2009","2009/10/07","PMC2782076","","10.1208/s12248-009-9142-z"
"29633302","Evaluation of sex-by-formulation interaction in bioequivalence studies of efavirenz tablets","González-Rojano E, Abad-Santos F, Ochoa D, Román M, Marcotegui J, Álvarez C, Gordon J, García-Arieta A.","Br J Clin Pharmacol. 2018 Aug;84(8):1729-1737. doi: 10.1111/bcp.13601. Epub 2018 May 22.","González-Rojano E","Br J Clin Pharmacol","2018","2018/04/11","PMC6046483","","10.1111/bcp.13601"
"35749453","Pharmacokinetics and bioequivalence of two imidocarb formulations in cattle after subcutaneous injection","Wang H, Chen C, Liu M, Chen X, Liu C, Feng Y, Yan X, Liu Y, Li X.","PLoS One. 2022 Jun 24;17(6):e0270130. doi: 10.1371/journal.pone.0270130. eCollection 2022.","Wang H","PLoS One","2022","2022/06/24","PMC9231748","","10.1371/journal.pone.0270130"
"30381675","Bioequivalence evaluation of two 5% ceftiofur hydrochloride sterile suspension in pigs","Xiong J, Zhu Q, Lei Z, Yang S, Chen P, Zhao Y, Cao J, Qiu Y.","J Vet Med Sci. 2018 Dec 11;80(12):1847-1852. doi: 10.1292/jvms.18-0470. Epub 2018 Nov 1.","Xiong J","J Vet Med Sci","2018","2018/11/02","PMC6305520","","10.1292/jvms.18-0470"
"26201504","Pharmacokinetics and bioequivalence of a liquid formulation of hydroxyurea in children with sickle cell anemia","Estepp JH, Melloni C, Thornburg CD, Wiczling P, Rogers Z, Rothman JA, Green NS, Liem R, Brandow AM, Crary SE, Howard TH, Morris MH, Lewandowski A, Garg U, Jusko WJ, Neville KA; Best Pharmaceuticals for Children Act-Pediatric Trials Network Administrative Core Committee.","J Clin Pharmacol. 2016 Mar;56(3):298-306. doi: 10.1002/jcph.598. Epub 2015 Oct 15.","Estepp JH","J Clin Pharmacol","2016","2015/07/24","PMC4892120","NIHMS786131","10.1002/jcph.598"
"8787899","Effects of cytokines on antiviral pharmacokinetics: an alternative approach to assessment of drug interactions using bioequivalence guidelines","Piscitelli SC, Amatea MA, Vogel S, Bechtel C, Metcalf JA, Kovacs JA.","Antimicrob Agents Chemother. 1996 Jan;40(1):161-5. doi: 10.1128/AAC.40.1.161.","Piscitelli SC","Antimicrob Agents Chemother","1996","1996/01/01","PMC163076","","10.1128/AAC.40.1.161"
"40643354","Pharmacokinetic and Bioequivalence Evaluation of Two Sitagliptin Tablets With Different Salts in Healthy Subjects","Hyun U, Chu S, Kim S, Hong JK, Kim T, Yoon IS, Kim JJ, Cho HJ.","Clin Pharmacol Drug Dev. 2025 Oct;14(10):781-786. doi: 10.1002/cpdd.1573. Epub 2025 Jul 11.","Hyun U","Clin Pharmacol Drug Dev","2025","2025/07/11","PMC12486195","","10.1002/cpdd.1573"
"39433930","Study on bioequivalence and influence of obesity-related indicators on pharmacokinetics and pharmacodynamics for insulin degludec in healthy subjects","Su R, Wan L, Tao Y, Zhu M, Pu J, Li Z, Chen Y, Tang C.","Sci Rep. 2024 Oct 21;14(1):24687. doi: 10.1038/s41598-024-75554-3.","Su R","Sci Rep","2024","2024/10/21","PMC11494130","","10.1038/s41598-024-75554-3"
"41053902","Bioequivalence evaluation of generic febuxostat versus Feburic(®) in healthy Chinese subjects: a randomized crossover study","Wang F, Ye X, Li F, Kong H, Liao M, Kan M, Zhuang J, Wang A, Meng X.","BMC Pharmacol Toxicol. 2025 Oct 6;26(1):157. doi: 10.1186/s40360-025-01001-2.","Wang F","BMC Pharmacol Toxicol","2025","2025/10/07","PMC12502310","","10.1186/s40360-025-01001-2"
"39535310","The Single-Dose Pharmacokinetics of a Compounded Levetiracetam Formulation and Bioequivalence to a Commercial Formulation in Healthy Dogs","Paushter AM, Foss KD, Reinhart JM, Forsythe LE, Hague DW.","J Vet Pharmacol Ther. 2025 Mar;48(2):67-75. doi: 10.1111/jvp.13490. Epub 2024 Nov 13.","Paushter AM","J Vet Pharmacol Ther","2025","2024/11/13","PMC11897418","","10.1111/jvp.13490"
"19122476","Bioequivalence of HX575 (recombinant human epoetin alfa) and a comparator epoetin alfa after multiple subcutaneous administrations","Sörgel F, Thyroff-Friesinger U, Vetter A, Vens-Cappell B, Kinzig M.","Pharmacology. 2009;83(2):122-30. doi: 10.1159/000189027. Epub 2008 Dec 22.","Sörgel F","Pharmacology","2009","2009/01/06","PMC2790786","","10.1159/000189027"
"36032284","Pharmacokinetics and bioequivalence of two cyclosporine oral solution formulations in cats","Yang Y, Kong J, Liu Y, Wu Q, Cao Y, Qiu J, Zhang L, Gong X, Zhao F, Cao X, Wang J.","Front Vet Sci. 2022 Aug 10;9:940472. doi: 10.3389/fvets.2022.940472. eCollection 2022.","Yang Y","Front Vet Sci","2022","2022/08/29","PMC9399922","","10.3389/fvets.2022.940472"
"24435759","Conversion from twice- to once-daily tacrolimus in pediatric kidney recipients: a pharmacokinetic and bioequivalence study","Lapeyraque AL, Kassir N, Théorêt Y, Krajinovic M, Clermont MJ, Litalien C, Phan V.","Pediatr Nephrol. 2014 Jun;29(6):1081-8. doi: 10.1007/s00467-013-2724-0. Epub 2014 Jan 17.","Lapeyraque AL","Pediatr Nephrol","2014","2014/01/18","PMC4000411","","10.1007/s00467-013-2724-0"
"26691837","Pharmacokinetic Bioequivalence, Safety, and Immunogenicity of DMB-3111, a Trastuzumab Biosimilar, and Trastuzumab in Healthy Japanese Adult Males: Results of a Randomized Trial","Morita J, Tanaka M, Nomoto M, Matsuki S, Tsuru T, Matsuguma K, Shiramoto M.","BioDrugs. 2016 Feb;30(1):17-25. doi: 10.1007/s40259-015-0153-2.","Morita J","BioDrugs","2016","2015/12/23","PMC4746214","","10.1007/s40259-015-0153-2"
"21151623","Comparative bioequivalence studies of tramadol hydrochloride sustained-release 200 mg tablets","Khandave SS, Sawant SV, Joshi SS, Bansal YK, Kadam SS.","Drug Des Devel Ther. 2010 Nov 25;4:367-74. doi: 10.2147/DDDT.S15133.","Khandave SS","Drug Des Devel Ther","2010","2010/12/15","PMC2998808","","10.2147/DDDT.S15133"
"29319156","Overview of the European Medicines Agency's Development of Product-Specific Bioequivalence Guidelines","Sullivan JO, Blake K, Berntgen M, Salmonson T, Welink J; Pharmacokinetics Working Party.","Clin Pharmacol Ther. 2018 Sep;104(3):539-545. doi: 10.1002/cpt.957. Epub 2018 Jan 9.","Sullivan JO","Clin Pharmacol Ther","2018","2018/01/11","PMC6175295","","10.1002/cpt.957"
"16493834","Bioequivalence of thyroid preparations: the final word?","Gibaldi M.","AAPS J. 2005;7(1):E59-60. doi: 10.1208/aapsj070108.","Gibaldi M","AAPS J","2005","2006/02/24","PMC2751498","","10.1208/aapsj070108"
"22419151","Acarbose bioequivalence: exploration of new pharmacodynamic parameters","Zhang M, Yang J, Tao L, Li L, Ma P, Fawcett JP.","AAPS J. 2012 Jun;14(2):345-51. doi: 10.1208/s12248-012-9341-x. Epub 2012 Mar 15.","Zhang M","AAPS J","2012","2012/03/16","PMC3326157","","10.1208/s12248-012-9341-x"
"2804845","Bioequivalence of generic aerosol bronchodilators: what are the issues?","Spino M.","CMAJ. 1989 Nov 1;141(9):883-7.","Spino M","CMAJ","1989","1989/11/01","PMC1451469","",""
"30521129","Particle size and gastrointestinal absorption influence tiotropium pharmacokinetics: a pilot bioequivalence study of PUR0200 and Spiriva HandiHaler","Perry J, Trautman B, Takher-Smith J, Kramer S, Kane K, Silverman M, Tan L, Haughie S, Richter W, Kirkov V, Arsova S, Ward J, Hava DL.","Br J Clin Pharmacol. 2019 Mar;85(3):580-589. doi: 10.1111/bcp.13831. Epub 2019 Jan 15.","Perry J","Br J Clin Pharmacol","2019","2018/12/07","PMC6379222","","10.1111/bcp.13831"
"22162639","Bioequivalence of oxymorphone extended release and crush-resistant oxymorphone extended release","Benedek IH, Jobes J, Xiang Q, Fiske WD.","Drug Des Devel Ther. 2011;5:455-63. doi: 10.2147/DDDT.S24372. Epub 2011 Nov 23.","Benedek IH","Drug Des Devel Ther","2011","2011/12/14","PMC3232172","","10.2147/DDDT.S24372"
"30847847","A new hypothesis to investigate bioequivalence of pharmaceutical inhalation products","Khoubnasabjafari M, Rahimpour E, Samini M, Jouyban-Gharamaleki V, Chen L, Chen D, Chan HK, Jouyban A.","Daru. 2019 Jun;27(1):517-524. doi: 10.1007/s40199-019-00250-x. Epub 2019 Mar 7.","Khoubnasabjafari M","Daru","2019","2019/03/09","PMC6593033","","10.1007/s40199-019-00250-x"
"31420787","Pharmacokinetic/pharmacodynamic assessment of a novel, pharmaceutical lipid-aspirin complex: results of a randomized, crossover, bioequivalence study","Angiolillo DJ, Bhatt DL, Lanza F, Cryer B, Dong JF, Jeske W, Zimmerman RR, von Chong E, Prats J, Deliargyris EN, Marathi U.","J Thromb Thrombolysis. 2019 Nov;48(4):554-562. doi: 10.1007/s11239-019-01933-7.","Angiolillo DJ","J Thromb Thrombolysis","2019","2019/08/18","PMC6800884","","10.1007/s11239-019-01933-7"
"38834577","Immunomodulation profile of the biosimilar trastuzumab MYL-1401O in a bioequivalence phase I study","Audran R, Chtioui H, Thierry AC, Mayor CE, Vallotton L, Dao K, Rothuizen LE, Maghraoui A, Pennella EJ, Brunner-Ferber F, Buclin T, Spertini F.","Sci Rep. 2024 Jun 4;14(1):12872. doi: 10.1038/s41598-024-61265-2.","Audran R","Sci Rep","2024","2024/06/04","PMC11150559","","10.1038/s41598-024-61265-2"
"38840151","Bioequivalence of a new coated 15 mg primaquine formulation for malaria elimination","Nguyen Ngoc Pouplin J, Kaendiao T, Rahimi BA, Soni M, Basopia H, Shah D, Patil J, Dholakia V, Suthar Y, Tarning J, Mukaka M, Taylor WR.","Malar J. 2024 Jun 5;23(1):176. doi: 10.1186/s12936-024-04947-6.","Nguyen Ngoc Pouplin J","Malar J","2024","2024/06/05","PMC11155120","","10.1186/s12936-024-04947-6"
"2527239","Medroxyprogesterone acetate: steady-state pharmacokinetics bioequivalence of two oral formulations","Pollow K, Kreienberg R, Di Pietro N.","J Cancer Res Clin Oncol. 1989;115(4):397-9. doi: 10.1007/BF00400970.","Pollow K","J Cancer Res Clin Oncol","1989","1989/01/01","PMC12211688","","10.1007/BF00400970"
"33411992","A Pharmacokinetic Bioequivalence Study of Fremanezumab Administered Subcutaneously Using an Autoinjector and a Prefilled Syringe","Cherniakov I, Cohen-Barak O, Tiver R, Gillespie M, Kessler Y, Gutierrez M, Rasamoelisolo M, Li S, Shen H, Hallak H, Loupe PS, Smith M, Rabinovich-Guilatt L, Spiegelstein O.","Clin Pharmacol Drug Dev. 2021 Sep;10(9):1018-1027. doi: 10.1002/cpdd.902. Epub 2021 Jan 7.","Cherniakov I","Clin Pharmacol Drug Dev","2021","2021/01/07","PMC8451805","","10.1002/cpdd.902"
"40304748","Comparative pharmacokinetics and bioequivalence of 145-mg fenofibrate formulations in healthy Korean participants","Lee S, Kim B, Lee S, Kang SH, Yu KS.","Naunyn Schmiedebergs Arch Pharmacol. 2025 Oct;398(10):14461-14466. doi: 10.1007/s00210-025-04086-y. Epub 2025 Apr 30.","Lee S","Naunyn Schmiedebergs Arch Pharmacol","2025","2025/04/30","PMC12511228","","10.1007/s00210-025-04086-y"
"28074334","Saliva Versus Plasma Bioequivalence of Azithromycin in Humans: Validation of Class I Drugs of the Salivary Excretion Classification System","Idkaidek N, Arafat T, Hamadi H, Hamadi S, Al-Adham I.","Drugs R D. 2017 Mar;17(1):219-224. doi: 10.1007/s40268-016-0170-8.","Idkaidek N","Drugs R D","2017","2017/01/12","PMC5318338","","10.1007/s40268-016-0170-8"
"16916298","Pharmacokinetic interactions between chloroquine, sulfadoxine and pyrimethamine and their bioequivalence in a generic fixed-dose combination in healthy volunteers in Uganda","Obua C, Ntale M, Lundblad MS, Mahindi M, Gustafsson LL, Ogwal-Okeng JW, Anokbonggo WW, Hellgren U.","Afr Health Sci. 2006 Jun;6(2):86-92. doi: 10.5555/afhs.2006.6.2.86.","Obua C","Afr Health Sci","2006","2006/08/19","PMC1831981","","10.5555/afhs.2006.6.2.86"
"38451449","Bioequivalence Study of Tebipenem Pivoxil in Healthy Chinese Adults","Hao R, Shao Y, Lin S, Wu Y, Bian L, Zhang Y.","Drugs R D. 2024 Mar;24(1):89-96. doi: 10.1007/s40268-024-00454-w. Epub 2024 Mar 7.","Hao R","Drugs R D","2024","2024/03/07","PMC11035523","","10.1007/s40268-024-00454-w"
"24526610","Sequential bioequivalence approaches for parallel designs","Fuglsang A.","AAPS J. 2014 May;16(3):373-8. doi: 10.1208/s12248-014-9571-1. Epub 2014 Feb 14.","Fuglsang A","AAPS J","2014","2014/02/15","PMC4012040","","10.1208/s12248-014-9571-1"
"18618422","A survey of the likelihood approach to bioequivalence trials","Choi L, Caffo B, Rohde C.","Stat Med. 2008 Oct 30;27(24):4874-94. doi: 10.1002/sim.3334.","Choi L","Stat Med","2008","2008/07/12","PMC2778077","NIHMS134854","10.1002/sim.3334"
"28654954","Bioequivalence Between Generic and Branded Lamotrigine in People With Epilepsy: The EQUIGEN Randomized Clinical Trial","Berg M, Welty TE, Gidal BE, Diaz FJ, Krebill R, Szaflarski JP, Dworetzky BA, Pollard JR, Elder EJ Jr, Jiang W, Jiang X, Switzer RD, Privitera MD.","JAMA Neurol. 2017 Aug 1;74(8):919-926. doi: 10.1001/jamaneurol.2017.0497.","Berg M","JAMA Neurol","2017","2017/06/28","PMC5710324","","10.1001/jamaneurol.2017.0497"
"40418105","Absolute Oral Bioavailability and Bioequivalence of LSD Base and Tartrate in a Double-Blind, Placebo-Controlled, Crossover Study","Arikci D, Holze F, Mueller L, Vizeli P, Rudin D, Luethi D, Hysek CM, Liechti ME.","Clin Pharmacol Ther. 2025 Sep;118(3):735-743. doi: 10.1002/cpt.3726. Epub 2025 May 26.","Arikci D","Clin Pharmacol Ther","2025","2025/05/26","PMC12355019","","10.1002/cpt.3726"
"36631942","Regulatory utility of mechanistic modeling to support alternative bioequivalence approaches: A workshop overview","Babiskin A, Wu F, Mousa Y, Tan ML, Tsakalozou E, Walenga RL, Yoon M, Raney SG, Polli JE, Schwendeman A, Krishnan V, Fang L, Zhao L.","CPT Pharmacometrics Syst Pharmacol. 2023 May;12(5):619-623. doi: 10.1002/psp4.12920. Epub 2023 Feb 5.","Babiskin A","CPT Pharmacometrics Syst Pharmacol","2023","2023/01/11","PMC10196436","","10.1002/psp4.12920"
"34507323","Pharmacokinetics and bioequivalence evaluation of lenalidomide in Chinese patients with multiple myeloma","Gao T, Liu X, Shen Q, Luo Z, Feng P, Miao J, Zheng L, Chen D, Xiang J.","Chin Med J (Engl). 2021 Sep 9;135(2):250-252. doi: 10.1097/CM9.0000000000001695.","Gao T","Chin Med J (Engl)","2021","2021/09/10","PMC8769102","","10.1097/CM9.0000000000001695"
"19096711","Steady state bioequivalence of generic and innovator formulations of stavudine, lamivudine, and nevirapine in HIV-infected Ugandan adults","Byakika-Tusiime J, Chinn LW, Oyugi JH, Obua C, Bangsberg DR, Kroetz DL.","PLoS One. 2008;3(12):e3981. doi: 10.1371/journal.pone.0003981. Epub 2008 Dec 19.","Byakika-Tusiime J","PLoS One","2008","2008/12/20","PMC2602850","","10.1371/journal.pone.0003981"
"36018219","Pharmacokinetic and Bioequivalence Study of Eldecalcitol Soft Capsules in Healthy Chinese Subjects","Li T, Sun F, Liu Y, Su L, Shi P, Li X, Liu S, Wang C, Shen L, Cao Y, Wang S.","Clin Pharmacol Drug Dev. 2022 Dec;11(12):1474-1480. doi: 10.1002/cpdd.1159. Epub 2022 Aug 26.","Li T","Clin Pharmacol Drug Dev","2022","2022/08/26","PMC10087228","","10.1002/cpdd.1159"
"22684403","Challenges and opportunities in achieving bioequivalence for fixed-dose combination products","Mitra A, Wu Y.","AAPS J. 2012 Sep;14(3):646-55. doi: 10.1208/s12248-012-9378-x. Epub 2012 Jun 9.","Mitra A","AAPS J","2012","2012/06/12","PMC3385830","","10.1208/s12248-012-9378-x"
"23139624","Bioequivalence study of two formulations of bisoprolol fumarate film-coated tablets in healthy subjects","Tjandrawinata RR, Setiawati E, Yunaidi DA, Santoso ID, Setiawati A, Susanto LW.","Drug Des Devel Ther. 2012;6:311-6. doi: 10.2147/DDDT.S36567. Epub 2012 Oct 30.","Tjandrawinata RR","Drug Des Devel Ther","2012","2012/11/10","PMC3489052","","10.2147/DDDT.S36567"
"29193747","Single-Dose Bioequivalence of Two Mini Nicotine Lozenge Formulations","Rasmussen SC, Becker WD, Shanga GM.","Clin Pharmacol Drug Dev. 2018 Jun;7(5):498-505. doi: 10.1002/cpdd.415. Epub 2017 Nov 28.","Rasmussen SC","Clin Pharmacol Drug Dev","2018","2017/12/02","PMC6032825","","10.1002/cpdd.415"
"28808905","A Pharmacokinetic Bioequivalence Study Comparing Pirfenidone Tablet and Capsule Dosage Forms in Healthy Adult Volunteers","Pan L, Belloni P, Ding HT, Wang J, Rubino CM, Putnam WS.","Adv Ther. 2017 Sep;34(9):2071-2082. doi: 10.1007/s12325-017-0594-8. Epub 2017 Aug 14.","Pan L","Adv Ther","2017","2017/08/16","PMC5599448","","10.1007/s12325-017-0594-8"
"31695330","The Effect Of Food On The Pharmacokinetic Properties And Bioequivalence Of Two Formulations Of Levocetirizine Dihydrochloride In Healthy Chinese Volunteers","Cheng Y, Lin BJ, Guo JH, Huang BL, Fang LP, Que WC, Liu MB, Chen XF, Qiu HQ.","Drug Des Devel Ther. 2019 Oct 18;13:3625-3634. doi: 10.2147/DDDT.S215316. eCollection 2019.","Cheng Y","Drug Des Devel Ther","2019","2019/11/08","PMC6804673","","10.2147/DDDT.S215316"
"33758499","Pharmacokinetics, Bioequivalence and Safety Evaluation of Two Ticagrelor Tablets Under Fasting and Fed Conditions in Healthy Chinese Subjects","Wang J, Zhang H, Wang R, Cai Y.","Drug Des Devel Ther. 2021 Mar 15;15:1181-1193. doi: 10.2147/DDDT.S297918. eCollection 2021.","Wang J","Drug Des Devel Ther","2021","2021/03/24","PMC7979338","","10.2147/DDDT.S297918"
"33344542","Bioequivalence of two esomeprazole magnesium enteric-coated formulations in healthy Chinese subjects","Liu ZZ, Ren Q, Zhou YN, Yang HM.","World J Clin Cases. 2020 Nov 26;8(22):5518-5528. doi: 10.12998/wjcc.v8.i22.5518.","Liu ZZ","World J Clin Cases","2020","2020/12/21","PMC7716327","","10.12998/wjcc.v8.i22.5518"
"40799022","Pharmacokinetics and Bioequivalence of a Novel Extended-Release Formulation of Methylphenidate Hydrochloride for Attention-Deficit/Hyperactivity Disorder","Childress AC, Al-Sabbagh A, Newcorn JH.","Clin Pharmacol Drug Dev. 2025 Nov;14(11):829-835. doi: 10.1002/cpdd.1577. Epub 2025 Aug 12.","Childress AC","Clin Pharmacol Drug Dev","2025","2025/08/13","PMC12583981","","10.1002/cpdd.1577"
"21660146","Modern methods for analysis of antiepileptic drugs in the biological fluids for pharmacokinetics, bioequivalence and therapeutic drug monitoring","Kang J, Park YS, Kim SH, Kim SH, Jun MY.","Korean J Physiol Pharmacol. 2011 Apr;15(2):67-81. doi: 10.4196/kjpp.2011.15.2.67. Epub 2011 Apr 30.","Kang J","Korean J Physiol Pharmacol","2011","2011/06/11","PMC3104201","","10.4196/kjpp.2011.15.2.67"
"39898756","Comparative study on the bioavailability and bioequivalence of rifapentine capsules in humans","Qi Y, Zhao P.","Front Pharmacol. 2025 Jan 17;15:1463575. doi: 10.3389/fphar.2024.1463575. eCollection 2024.","Qi Y","Front Pharmacol","2025","2025/02/03","PMC11782957","","10.3389/fphar.2024.1463575"
"18679807","Summary workshop report: bioequivalence, biopharmaceutics classification system, and beyond","Polli JE, Abrahamsson BS, Yu LX, Amidon GL, Baldoni JM, Cook JA, Fackler P, Hartauer K, Johnston G, Krill SL, Lipper RA, Malick WA, Shah VP, Sun D, Winkle HN, Wu Y, Zhang H.","AAPS J. 2008 Jun;10(2):373-9. doi: 10.1208/s12248-008-9040-9. Epub 2008 Aug 5.","Polli JE","AAPS J","2008","2008/08/06","PMC2751390","","10.1208/s12248-008-9040-9"
"40087806","A single-dose, four-cycle, fully repetitive crossover bioequivalence of dabigatran etexilate in Chinese","Yang Z, Li Q, Yu D, Zhang X, Wang Y, Liu S, Chen L, Zhou Y, Zeng C, Zeng Y, Cai C, Xiong Y, Zhang Q, Li N, Du P, Liu L, Chen J, He Y.","BMC Pharmacol Toxicol. 2025 Mar 14;26(1):62. doi: 10.1186/s40360-025-00896-1.","Yang Z","BMC Pharmacol Toxicol","2025","2025/03/15","PMC11909909","","10.1186/s40360-025-00896-1"
"22910857","Metrics for the evaluation of bioequivalence of modified-release formulations","Endrenyi L, Tothfalusi L.","AAPS J. 2012 Dec;14(4):813-9. doi: 10.1208/s12248-012-9396-8. Epub 2012 Aug 22.","Endrenyi L","AAPS J","2012","2012/08/23","PMC3475860","","10.1208/s12248-012-9396-8"
"31634023","Clinical Bioequivalence of Wixela Inhub and Advair Diskus in Adults With Asthma","Ng D, Kerwin EM, White MV, Miller SD, Haughie S, Ward JK, Allan R.","J Aerosol Med Pulm Drug Deliv. 2020 Apr;33(2):99-107. doi: 10.1089/jamp.2019.1547. Epub 2019 Oct 31.","Ng D","J Aerosol Med Pulm Drug Deliv","2020","2019/10/22","PMC7133441","","10.1089/jamp.2019.1547"
"40140126","PBPK Modeling to Support Bioavailability and Bioequivalence Assessment in Pediatric Populations","Wu F, Tsakalozou E, Burckart GJ, Žakelj R, Gaohua L, Sagawa K, Lukacova V, Vaithiyalingam S, Fan J, Fotaki N, Patel N, Fang L.","Pharm Res. 2025 May;42(5):847-855. doi: 10.1007/s11095-025-03846-y. Epub 2025 Mar 26.","Wu F","Pharm Res","2025","2025/03/27","PMC12158840","","10.1007/s11095-025-03846-y"
"22911056","Bioequivalence and population pharmacokinetic modeling of two forms of antibiotic, cefuroxime lysine and cefuroxime sodium, after intravenous infusion in beagle dogs","Zhao L, Li Q, Li X, Yin R, Chen X, Geng L, Bi K.","J Biomed Biotechnol. 2012;2012:507294. doi: 10.1155/2012/507294. Epub 2012 Jul 15.","Zhao L","J Biomed Biotechnol","2012","2012/08/23","PMC3403372","","10.1155/2012/507294"
"34181478","Pharmacokinetics and Bioequivalence of Isavuconazole Administered as Isavuconazonium Sulfate Intravenous Solution via Nasogastric Tube or Orally in Healthy Subjects","Desai A, Helmick M, Heo N, Moy S, Stanhope S, Goldwater R, Martin N.","Antimicrob Agents Chemother. 2021 Aug 17;65(9):e0044221. doi: 10.1128/AAC.00442-21. Epub 2021 Aug 17.","Desai A","Antimicrob Agents Chemother","2021","2021/06/28","PMC8370193","","10.1128/AAC.00442-21"
"16146348","Current methodology to assess bioequivalence of levothyroxine sodium products is inadequate","Blakesley VA.","AAPS J. 2005 Mar 30;7(1):E42-6. doi: 10.1208/aapsj070105.","Blakesley VA","AAPS J","2005","2005/09/09","PMC2751495","","10.1208/aapsj070105"
"38644462","Evaluation of Ornidazole Tablets Bioequivalence in Chinese Healthy Participants Under Fasted and Fed Conditions Using Pharmacokinetic Parameters","Wang Y, He Y, Li W, Li H, Tang L, Dai X, Pei Y, Gao L.","Drugs R D. 2024 Jun;24(2):145-154. doi: 10.1007/s40268-024-00457-7. Epub 2024 Apr 22.","Wang Y","Drugs R D","2024","2024/04/21","PMC11315871","","10.1007/s40268-024-00457-7"
"25310592","Sample size determination for individual bioequivalence inference","Chiang C, Hsiao CF, Liu JP.","PLoS One. 2014 Oct 13;9(10):e109746. doi: 10.1371/journal.pone.0109746. eCollection 2014.","Chiang C","PLoS One","2014","2014/10/14","PMC4195669","","10.1371/journal.pone.0109746"
"23112405","Evaluation of bioequivalence of two oral formulations of olanzapine","Singhal R, Thakkar V, Srivastava A.","Indian J Pharm Sci. 2011 Nov;73(6):678-82. doi: 10.4103/0250-474X.100249.","Singhal R","Indian J Pharm Sci","2011","2012/11/01","PMC3480756","","10.4103/0250-474X.100249"
"30047286","Short Communication: Bioequivalence of Tenofovir and Emtricitabine After Coencapsulation with the Proteus Ingestible Sensor","Ibrahim ME, Brooks KM, Castillo-Mancilla JR, McHugh C, Morrow M, Brothers J, MaWhinney S, Hosek S, Huhn G, Anderson PL.","AIDS Res Hum Retroviruses. 2018 Oct;34(10):835-837. doi: 10.1089/AID.2018.0081. Epub 2018 Sep 5.","Ibrahim ME","AIDS Res Hum Retroviruses","2018","2018/07/27","PMC6204565","","10.1089/AID.2018.0081"
"25982590","Bioequivalence of oral and intravenous carbamazepine formulations in adult patients with epilepsy","Tolbert D, Cloyd J, Biton V, Bekersky I, Walzer M, Wesche D, Drummond R, Lee D.","Epilepsia. 2015 Jun;56(6):915-23. doi: 10.1111/epi.13012. Epub 2015 May 16.","Tolbert D","Epilepsia","2015","2015/05/19","PMC4676304","","10.1111/epi.13012"
"32898192","Pharmacokinetics and bioequivalence assessment of optimized directly compressible Aceclofenac (100 mg) tablet formulation in healthy human subjects","Bushra R, Shoaib MH, Ali H, Ghayas S.","PLoS One. 2020 Sep 8;15(9):e0238951. doi: 10.1371/journal.pone.0238951. eCollection 2020.","Bushra R","PLoS One","2020","2020/09/08","PMC7478617","","10.1371/journal.pone.0238951"
"38275313","Comparative Pharmacokinetics and Bioequivalence of Pour-On Ivermectin Formulations in Korean Hanwoo Cattle","Kim S, Chae H, Lee EB, Lee G, Park SC, Kang J.","Antibiotics (Basel). 2023 Dec 19;13(1):3. doi: 10.3390/antibiotics13010003.","Kim S","Antibiotics (Basel)","2023","2024/01/26","PMC10812518","","10.3390/antibiotics13010003"
"19451282","Pharmacokinetics of EDP-420 after multiple oral doses in healthy adult volunteers and in a bioequivalence study","Jiang LJ, Or YS.","Antimicrob Agents Chemother. 2009 Aug;53(8):3218-25. doi: 10.1128/AAC.00022-09. Epub 2009 May 18.","Jiang LJ","Antimicrob Agents Chemother","2009","2009/05/20","PMC2715630","","10.1128/AAC.00022-09"
"36670124","Pharmacokinetics and bioequivalence evaluation of omeprazole and sodium bicarbonate dry suspensions in healthy Chinese volunteers","Zhang R, Guo P, Zhou J, Li P, Wan J, Yang C, Zhou J, Liu Y, Shi S.","Sci Rep. 2023 Jan 20;13(1):1113. doi: 10.1038/s41598-022-27286-5.","Zhang R","Sci Rep","2023","2023/01/20","PMC9859815","","10.1038/s41598-022-27286-5"
"18446515","Highly variable drugs: observations from bioequivalence data submitted to the FDA for new generic drug applications","Davit BM, Conner DP, Fabian-Fritsch B, Haidar SH, Jiang X, Patel DT, Seo PR, Suh K, Thompson CL, Yu LX.","AAPS J. 2008;10(1):148-56. doi: 10.1208/s12248-008-9015-x. Epub 2008 Mar 5.","Davit BM","AAPS J","2008","2008/05/01","PMC2751460","","10.1208/s12248-008-9015-x"
"15327586","A comparison of the bioequivalence of two formulations of epoetin alfa after subcutaneous injection","Togawa A, Tanaka T, Nagashima S, Keta H, Kobayashi Y, Nishikawa Y, Yanai M, Tanaka H.","Br J Clin Pharmacol. 2004 Sep;58(3):269-76. doi: 10.1111/j.1365-2125.2004.02151.x.","Togawa A","Br J Clin Pharmacol","2004","2004/08/26","PMC1884567","","10.1111/j.1365-2125.2004.02151.x"
"16939522","Comparative bioequivalence study between a novel matrix transdermal delivery system of fentanyl and a commercially available reservoir formulation","Marier JF, Lor M, Morin J, Roux L, Di Marco M, Morelli G, Saedder EA.","Br J Clin Pharmacol. 2007 Jan;63(1):121-4. doi: 10.1111/j.1365-2125.2006.02758.x. Epub 2006 Aug 30.","Marier JF","Br J Clin Pharmacol","2007","2006/08/31","PMC2000703","","10.1111/j.1365-2125.2006.02758.x"
"40551045","Demonstrating Bioequivalence for a Lumacaftor Monosubstance Formulation Versus Orkambi(®) (Lumacaftor/Ivacaftor) in Healthy Subjects","Papaelias A, Lidington D, Bolz SS.","Drugs R D. 2025 Sep;25(3):221-229. doi: 10.1007/s40268-025-00514-9. Epub 2025 Jun 23.","Papaelias A","Drugs R D","2025","2025/06/23","PMC12460204","","10.1007/s40268-025-00514-9"
"31276603","Sample size determination in bioequivalence studies using statistical assurance","Ring A, Lang B, Kazaroho C, Labes D, Schall R, Schütz H.","Br J Clin Pharmacol. 2019 Oct;85(10):2369-2377. doi: 10.1111/bcp.14055. Epub 2019 Aug 13.","Ring A","Br J Clin Pharmacol","2019","2019/07/06","PMC6783617","","10.1111/bcp.14055"
"25750519","Fluorescence detection of tramadol in healthy Chinese volunteers by high-performance liquid chromatography and bioequivalence assessment","Zhou X, Liu J.","Drug Des Devel Ther. 2015 Feb 26;9:1225-31. doi: 10.2147/DDDT.S73723. eCollection 2015.","Zhou X","Drug Des Devel Ther","2015","2015/03/10","PMC4348049","","10.2147/DDDT.S73723"
"38747478","Physiologically based absorption modeling to predict the bioequivalence of two apixaban formulations","Luo T, Wang L, Ruan Z, Lou H, Yang D, Wang Z, Zhao P, Jiang B.","Clin Transl Sci. 2024 May;17(5):e13819. doi: 10.1111/cts.13819.","Luo T","Clin Transl Sci","2024","2024/05/15","PMC11095081","","10.1111/cts.13819"
"25330096","Evaluation of the highly variable agomelatine pharmacokinetics in Chinese healthy subjects to support bioequivalence study","Pei Q, Wang Y, Hu ZY, Liu SK, Tan HY, Guo CX, Zhang RR, Xiang YX, Huang J, Huang L, Yuan H, Yang GP.","PLoS One. 2014 Oct 20;9(10):e109300. doi: 10.1371/journal.pone.0109300. eCollection 2014.","Pei Q","PLoS One","2014","2014/10/21","PMC4203722","","10.1371/journal.pone.0109300"
"16146330","New questions regarding bioequivalence of levothyroxine preparations: a clinician's response","Green WL.","AAPS J. 2005 Mar 30;7(1):E54-8. doi: 10.1208/aapsj070107.","Green WL","AAPS J","2005","2005/09/09","PMC2751497","","10.1208/aapsj070107"
"23990709","Bioequivalence study of two formulations of candesartan cilexetil tablet in healthy subjects under fasting conditions","Tjandrawinata RR, Setiawati E, Yunaidi DA, Simanjuntak R, Santoso ID, Susanto LW.","Drug Des Devel Ther. 2013 Aug 20;7:841-7. doi: 10.2147/DDDT.S47272. eCollection 2013.","Tjandrawinata RR","Drug Des Devel Ther","2013","2013/08/31","PMC3753171","","10.2147/DDDT.S47272"
"23677811","Bioequivalence of eslicarbazepine acetate from two different sources of its active product ingredient in healthy subjects","Falcão A, Lima R, Sousa R, Nunes T, Soares-da-Silva P.","Drugs R D. 2013 Jun;13(2):137-43. doi: 10.1007/s40268-013-0016-6.","Falcão A","Drugs R D","2013","2013/05/17","PMC3689905","","10.1007/s40268-013-0016-6"
"9869578","Limited-sampling strategy models for itraconazole and hydroxy-itraconazole based on data from a bioequivalence study","Suarez-Kurtz G, Bozza FA, Vicente FL, Ponte CG, Struchiner CJ.","Antimicrob Agents Chemother. 1999 Jan;43(1):134-40. doi: 10.1128/AAC.43.1.134.","Suarez-Kurtz G","Antimicrob Agents Chemother","1999","1998/12/31","PMC89033","","10.1128/AAC.43.1.134"
"19191742","TSH-based protocol, tablet instability, and absorption effects on L-T4 bioequivalence","Eisenberg M, Distefano JJ.","Thyroid. 2009 Feb;19(2):103-10. doi: 10.1089/thy.2008.0148.","Eisenberg M","Thyroid","2009","2009/02/05","PMC2858298","","10.1089/thy.2008.0148"
"40844572","Bioequivalence Study of Two Formulations of Flunarizine Hydrochloride Capsules in Healthy Chinese Subjects Under Fasting and Fed Conditions","Yang Y, Kai J, Lv D, Zhou H, Yu Y, Shentu J, Wu G.","Drugs R D. 2025 Sep;25(3):275-284. doi: 10.1007/s40268-025-00521-w. Epub 2025 Aug 22.","Yang Y","Drugs R D","2025","2025/08/22","PMC12460216","","10.1007/s40268-025-00521-w"
"40366198","Pharmacokinetics and Safety Evaluation of a New Generic Sitafloxacin: A Phase I Bioequivalence Study in Healthy Chinese Participants","Lei Y, Luo P, Chen Y, Xue L, Zhang D, Qi X, Fang Y, Yu H, He Z, Zuo Q, Liu C, Liu D, Ren X, Chen Q.","Clin Pharmacol Drug Dev. 2025 Aug;14(8):592-597. doi: 10.1002/cpdd.1519. Epub 2025 May 14.","Lei Y","Clin Pharmacol Drug Dev","2025","2025/05/14","PMC12314108","","10.1002/cpdd.1519"
"32801649","Bioequivalence Study of Amitriptyline Hydrochloride Tablets in Healthy Chinese Volunteers Under Fasting and Fed Conditions","Zhai Y, Wu L, Zheng Y, Wu M, Huang Y, Huang Q, Shentu J, Zhao Q, Liu J.","Drug Des Devel Ther. 2020 Aug 4;14:3131-3142. doi: 10.2147/DDDT.S258173. eCollection 2020.","Zhai Y","Drug Des Devel Ther","2020","2020/08/18","PMC7414938","","10.2147/DDDT.S258173"
"37114321","Evaluation of model-based bioequivalence approach for single sample pharmacokinetic studies","Tardivon C, Loingeville F, Donnelly M, Feng K, Sun W, Sun G, Grosser S, Zhao L, Fang L, Mentré F, Bertrand J.","CPT Pharmacometrics Syst Pharmacol. 2023 Jul;12(7):904-915. doi: 10.1002/psp4.12960. Epub 2023 Apr 27.","Tardivon C","CPT Pharmacometrics Syst Pharmacol","2023","2023/04/28","PMC10349197","","10.1002/psp4.12960"
"28725138","Comparative assessment of saliva and plasma for drug bioavailability and bioequivalence studies in humans","Idkaidek NM.","Saudi Pharm J. 2017 Jul;25(5):671-675. doi: 10.1016/j.jsps.2016.10.002. Epub 2016 Oct 17.","Idkaidek NM","Saudi Pharm J","2017","2017/07/21","PMC5506617","","10.1016/j.jsps.2016.10.002"
"3593629","Non-bioequivalence of sublingual nifedipine","Rietbrock N, Kausch M, Engelhardt M, Woodcock BG.","Br J Clin Pharmacol. 1987 May;23(5):589-90. doi: 10.1111/j.1365-2125.1987.tb03096.x.","Rietbrock N","Br J Clin Pharmacol","1987","1987/05/01","PMC1386196","","10.1111/j.1365-2125.1987.tb03096.x"
"31564829","Pharmacokinetic and bioequivalence study between two formulations of S-1 in Korean gastric cancer patients","Lee HW, Seong SJ, Kang WY, Ohk B, Gwon MR, Kim BK, Cho S, Cho K, Sung YK, Yoon YR, Kim JG.","Drug Des Devel Ther. 2019 Sep 3;13:3127-3136. doi: 10.2147/DDDT.S219822. eCollection 2019.","Lee HW","Drug Des Devel Ther","2019","2019/10/01","PMC6732657","","10.2147/DDDT.S219822"
"19047656","Pharmacokinetics and bioequivalence evaluation of two fixed-dose tablet formulations of dihydroartemisinin and piperaquine in Vietnamese subjects","Chinh NT, Quang NN, Thanh NX, Dai B, Geue JP, Addison RS, Travers T, Edstein MD.","Antimicrob Agents Chemother. 2009 Feb;53(2):828-31. doi: 10.1128/AAC.00927-08. Epub 2008 Dec 1.","Chinh NT","Antimicrob Agents Chemother","2009","2008/12/03","PMC2630617","","10.1128/AAC.00927-08"
"25215170","Bioavailability and Bioequivalence in Drug Development","Chow SC.","Wiley Interdiscip Rev Comput Stat. 2014;6(4):304-312. doi: 10.1002/wics.1310.","Chow SC","Wiley Interdiscip Rev Comput Stat","2014","2014/09/13","PMC4157693","NIHMS596780","10.1002/wics.1310"
"39139647","A Bayesian framework for virtual comparative trials and bioequivalence assessments","Bois FY, Brochot C.","Front Pharmacol. 2024 Jul 30;15:1404619. doi: 10.3389/fphar.2024.1404619. eCollection 2024.","Bois FY","Front Pharmacol","2024","2024/08/14","PMC11319711","","10.3389/fphar.2024.1404619"
"28618191","A Proton Pump Inhibitor in the Reformulation Setting: Bioequivalence and Potential Implications for Long-Term Safety","Dubcenco E, Beers-Block PM, Kim LP, Schotland P, Levine JG, McCloskey CA, Bashaw ED.","Clin Transl Sci. 2017 Sep;10(5):387-394. doi: 10.1111/cts.12475. Epub 2017 Jun 15.","Dubcenco E","Clin Transl Sci","2017","2017/06/16","PMC5593167","","10.1111/cts.12475"
"27734219","Bioequivalence and Pharmacokinetic Evaluation Study of Acetaminophen vs. Acetaminophen Plus Caffeine Tablets in Healthy Mexican Volunteers","Guzmán NA, Molina DR, Núñez BF, Soto-Sosa JC, Abarca JE.","Drugs R D. 2016 Dec;16(4):339-345. doi: 10.1007/s40268-016-0145-9.","Guzmán NA","Drugs R D","2016","2016/10/14","PMC5114203","","10.1007/s40268-016-0145-9"
"35094370","Assessment of the predictive capability of modelling and simulation to determine bioequivalence of inhaled drugs: A systematic review","Rebello J, Brashier B, Shukla S.","Daru. 2022 Jun;30(1):229-243. doi: 10.1007/s40199-021-00423-7. Epub 2022 Jan 30.","Rebello J","Daru","2022","2022/01/30","PMC9114201","","10.1007/s40199-021-00423-7"
"37718502","Physiologically based absorption modeling to predict the bioequivalence of two cilostazol formulations","Wang L, Zhao P, Luo T, Yang D, Jiang Q, Chen J, Lou H, Ruan Z, Jiang B.","Clin Transl Sci. 2023 Nov;16(11):2323-2330. doi: 10.1111/cts.13633. Epub 2023 Sep 25.","Wang L","Clin Transl Sci","2023","2023/09/18","PMC10651633","","10.1111/cts.13633"
"34621709","Pharmacokinetic properties and bioequivalence of gefitinib 250 mg in healthy Korean male subjects","Moon SJ, Kim Y, Jeon JY, Park SJ, Kwak YG, Kim MG.","Transl Clin Pharmacol. 2021 Sep;29(3):171-179. doi: 10.12793/tcp.2021.29.e17. Epub 2021 Sep 27.","Moon SJ","Transl Clin Pharmacol","2021","2021/10/08","PMC8492391","","10.12793/tcp.2021.29.e17"
"25758352","International Guidelines for Bioequivalence of Locally Acting Orally Inhaled Drug Products: Similarities and Differences","Lu D, Lee SL, Lionberger RA, Choi S, Adams W, Caramenico HN, Chowdhury BA, Conner DP, Katial R, Limb S, Peters JR, Yu L, Seymour S, Li BV.","AAPS J. 2015 May;17(3):546-57. doi: 10.1208/s12248-015-9733-9. Epub 2015 Mar 11.","Lu D","AAPS J","2015","2015/03/12","PMC4406956","","10.1208/s12248-015-9733-9"
"25344440","Survey of international regulatory bioequivalence recommendations for approval of generic topical dermatological drug products","Braddy AC, Davit BM, Stier EM, Conner DP.","AAPS J. 2015 Jan;17(1):121-33. doi: 10.1208/s12248-014-9679-3. Epub 2014 Oct 25.","Braddy AC","AAPS J","2015","2014/10/26","PMC4287290","","10.1208/s12248-014-9679-3"
"37795495","Bioequivalence Study of Vortioxetine Hydrobromide Tablets in Healthy Chinese Subjects Under Fasting and Fed Conditions","Bai W, Song H, Hu Y, Zhang X, Wang X, Guo C, Qiu B, Dong Z.","Drug Des Devel Ther. 2023 Sep 29;17:3035-3046. doi: 10.2147/DDDT.S428771. eCollection 2023.","Bai W","Drug Des Devel Ther","2023","2023/10/05","PMC10547006","","10.2147/DDDT.S428771"
"22330928","Therapeutic equivalence requires pharmaceutical, pharmacokinetic, and pharmacodynamic identities: true bioequivalence of a generic product of intravenous metronidazole","Agudelo M, Vesga O.","Antimicrob Agents Chemother. 2012 May;56(5):2659-65. doi: 10.1128/AAC.06012-11. Epub 2012 Feb 13.","Agudelo M","Antimicrob Agents Chemother","2012","2012/02/15","PMC3346647","","10.1128/AAC.06012-11"
"40346979","A 2-Part, Open-Label, Phase 1 Bioequivalence and Food-Effect Study of Ubrogepant in Healthy Adult Participants","Boinpally R, Trugman JM.","Clin Pharmacol Drug Dev. 2025 Jul;14(7):511-519. doi: 10.1002/cpdd.1546. Epub 2025 May 10.","Boinpally R","Clin Pharmacol Drug Dev","2025","2025/05/10","PMC12209997","","10.1002/cpdd.1546"
"34121333","Pharmacokinetics, bioavailability, and bioequivalence of lower-sodium oxybate in healthy participants in two open-label, randomized, crossover studies","Chen C, Jenkins J, Zomorodi K, Skowronski R.","Clin Transl Sci. 2021 Nov;14(6):2278-2287. doi: 10.1111/cts.13087. Epub 2021 Jun 25.","Chen C","Clin Transl Sci","2021","2021/06/14","PMC8604214","","10.1111/cts.13087"
"29135993","Bioequivalence between innovator and generic tacrolimus in liver and kidney transplant recipients: A randomized, crossover clinical trial","Alloway RR, Vinks AA, Fukuda T, Mizuno T, King EC, Zou Y, Jiang W, Woodle ES, Tremblay S, Klawitter J, Klawitter J, Christians U.","PLoS Med. 2017 Nov 14;14(11):e1002428. doi: 10.1371/journal.pmed.1002428. eCollection 2017 Nov.","Alloway RR","PLoS Med","2017","2017/11/15","PMC5685573","","10.1371/journal.pmed.1002428"
"26479406","Evaluation of a Scenario in Which Estimates of Bioequivalence Are Biased and a Proposed Solution: tlast (Common)","Fisher D, Kramer W, Burmeister Getz E.","J Clin Pharmacol. 2016 Jul;56(7):794-800. doi: 10.1002/jcph.663. Epub 2015 Dec 28.","Fisher D","J Clin Pharmacol","2016","2015/10/20","PMC5064724","","10.1002/jcph.663"
"35411579","Bioequivalence of two oral formulations of tebipenem pivoxil hydrobromide in healthy subjects","Gupta VK, Patel G, Gasink L, Bajraktari F, Lei Y, Jain A, Srivastava P, Talley AK.","Clin Transl Sci. 2022 Jul;15(7):1654-1663. doi: 10.1111/cts.13280. Epub 2022 Apr 28.","Gupta VK","Clin Transl Sci","2022","2022/04/12","PMC9283737","","10.1111/cts.13280"
"29987139","Bioequivalence of a Fixed-Dose Combination Tablet of the Complete Two-Drug Regimen of Dolutegravir and Rilpivirine for Treatment of HIV-1 Infection","Mehta R, Wolstenholme A, Di Lullo K, Fu C, Joshi S, Crauwels H, Givens N, Vanveggel S, Wynne B, Adkison K.","Antimicrob Agents Chemother. 2018 Aug 27;62(9):e00748-18. doi: 10.1128/AAC.00748-18. Print 2018 Sep.","Mehta R","Antimicrob Agents Chemother","2018","2018/07/11","PMC6125541","","10.1128/AAC.00748-18"
"31040642","Formulation and bioequivalence studies of choline alfoscerate tablet comparing with soft gelatin capsule in healthy male volunteers","Min MH, Park JH, Hur JH, Shin HC, Cho Y, Kim DD.","Drug Des Devel Ther. 2019 Apr 5;13:1049-1058. doi: 10.2147/DDDT.S193424. eCollection 2019.","Min MH","Drug Des Devel Ther","2019","2019/05/02","PMC6454995","","10.2147/DDDT.S193424"
"31947944","In Vitro Dissolution and in Silico Modeling Shortcuts in Bioequivalence Testing","Al-Tabakha MM, Alomar MJ.","Pharmaceutics. 2020 Jan 4;12(1):45. doi: 10.3390/pharmaceutics12010045.","Al-Tabakha MM","Pharmaceutics","2020","2020/01/18","PMC7022479","","10.3390/pharmaceutics12010045"
"36311679","Bioequivalence of two tablet formulations of cefpodoxime proxetil in beagle dogs","Gao YY, Sang KN, Li PP, Hao J, Zhang C, Li HJ, Zhou DG.","Front Vet Sci. 2022 Oct 14;9:1048823. doi: 10.3389/fvets.2022.1048823. eCollection 2022.","Gao YY","Front Vet Sci","2022","2022/10/31","PMC9614231","","10.3389/fvets.2022.1048823"
"33727797","Pharmacokinetics and Bioequivalence Evaluation of Two Montelukast Sodium Chewable Tablets in Healthy Chinese Volunteers Under Fasted and Fed Conditions","Li W, Wang Y, Pei Y, Xia Y.","Drug Des Devel Ther. 2021 Mar 9;15:1091-1099. doi: 10.2147/DDDT.S298355. eCollection 2021.","Li W","Drug Des Devel Ther","2021","2021/03/17","PMC7955749","","10.2147/DDDT.S298355"
"39280836","Preparation of altrenogest soft capsules and their bioequivalence in gilts","Xu J, Ling L, Lan Y, Yuan Y, Ran L, Jiang J, Huang X.","Front Vet Sci. 2024 Aug 30;11:1468615. doi: 10.3389/fvets.2024.1468615. eCollection 2024.","Xu J","Front Vet Sci","2024","2024/09/16","PMC11392897","","10.3389/fvets.2024.1468615"
"34163141","Bioequivalence Evaluation of Two Formulations of Tenofovir Alafenamide Tablets in Healthy Subjects Under Fasting and Fed Conditions","Li Q, Jia L, Hu W, Dong S, Cai C.","Drug Des Devel Ther. 2021 Jun 16;15:2551-2562. doi: 10.2147/DDDT.S304108. eCollection 2021.","Li Q","Drug Des Devel Ther","2021","2021/06/24","PMC8215933","","10.2147/DDDT.S304108"
"29937536","Allicin Bioavailability and Bioequivalence from Garlic Supplements and Garlic Foods","Lawson LD, Hunsaker SM.","Nutrients. 2018 Jun 24;10(7):812. doi: 10.3390/nu10070812.","Lawson LD","Nutrients","2018","2018/06/26","PMC6073756","","10.3390/nu10070812"
"19660001","Lack of pharmacokinetic bioequivalence between generic and branded amoxicillin formulations. A post-marketing clinical study on healthy volunteers","Del Tacca M, Pasqualetti G, Di Paolo A, Virdis A, Massimetti G, Gori G, Versari D, Taddei S, Blandizzi C.","Br J Clin Pharmacol. 2009 Jul;68(1):34-42. doi: 10.1111/j.1365-2125.2009.03399.x.","Del Tacca M","Br J Clin Pharmacol","2009","2009/08/08","PMC2732938","","10.1111/j.1365-2125.2009.03399.x"
"35018094","Open-Label, Phase I, Pharmacokinetic Studies in Healthy Chinese Subjects to Evaluate the Bioequivalence and Food Effect of a Novel Formulation of Abiraterone Acetate Tablets","Feng Z, Liu Y, Kuang Y, Yang S, Li J, Ye L, Huang J, Pei Q, Huang Y, Yang G.","Drug Des Devel Ther. 2022 Jan 3;16:3-12. doi: 10.2147/DDDT.S339305. eCollection 2022.","Feng Z","Drug Des Devel Ther","2022","2022/01/12","PMC8740623","","10.2147/DDDT.S339305"
"23029622","Bioequivalence study of modified-release gliclazide tablets in healthy volunteers","Rojanasthien N, Autsavakitipong T, Kumsorn B, Manorot M, Teekachunhatean S.","ISRN Pharmacol. 2012;2012:375134. doi: 10.5402/2012/375134. Epub 2012 Sep 17.","Rojanasthien N","ISRN Pharmacol","2012","2012/10/03","PMC3458286","","10.5402/2012/375134"
"37242508","An In Silico Approach toward the Appropriate Absorption Rate Metric in Bioequivalence","Karalis VD.","Pharmaceuticals (Basel). 2023 May 10;16(5):725. doi: 10.3390/ph16050725.","Karalis VD","Pharmaceuticals (Basel)","2023","2023/05/27","PMC10221334","","10.3390/ph16050725"
"30131694","Association of Variability and Pharmacogenomics With Bioequivalence of Gefitinib in Healthy Male Subjects","Zhang H, Li Q, Zhu X, Wu M, Li C, Li X, Liu C, Shen Z, Ding Y, Hua S.","Front Pharmacol. 2018 Aug 7;9:849. doi: 10.3389/fphar.2018.00849. eCollection 2018.","Zhang H","Front Pharmacol","2018","2018/08/23","PMC6090208","","10.3389/fphar.2018.00849"
"40514611","Pharmacokinetic bioequivalence of the fixed-dose combination of pertuzumab and trastuzumab administered subcutaneously using a handheld syringe or an on-body delivery system","Wynne C, Wang B, Deng R, Li J, Eiger D, Bene Tchaleu F, Heeson S, Restuccia E.","J Cancer Res Clin Oncol. 2025 Jun 14;151(6):188. doi: 10.1007/s00432-025-06228-4.","Wynne C","J Cancer Res Clin Oncol","2025","2025/06/13","PMC12165970","","10.1007/s00432-025-06228-4"
"39256193","Pharmacokinetics and Bioequivalence of a Generic Ticagrelor 90-mg Formulation Versus the Innovator Product in Healthy White Subjects Under Fasting Conditions","Rizea-Savu S, Duna SN, Ghita A, Iordachescu A, Garlea I, Chirila M.","Clin Pharmacol Drug Dev. 2025 Jan;14(1):59-64. doi: 10.1002/cpdd.1471. Epub 2024 Sep 10.","Rizea-Savu S","Clin Pharmacol Drug Dev","2025","2024/09/10","PMC11701948","","10.1002/cpdd.1471"
"28670911","Bioequivalence Study of Rivastigmine 6 mg Capsules (Single Dose) in Healthy Volunteers","Abhyankar D, Shedage A, Gole M, Raut P.","Am J Alzheimers Dis Other Demen. 2017 Sep;32(6):360-366. doi: 10.1177/1533317517712890. Epub 2017 Jul 3.","Abhyankar D","Am J Alzheimers Dis Other Demen","2017","2017/07/04","PMC10852838","","10.1177/1533317517712890"
"32463593","Bioequivalence and Bioavailability of an Orodispersible Tablet of Sildenafil Citrate in Healthy Chinese Male Subjects","Lv Y, Luo BY, LaBadie RR, Zhu H, Feng Y, Ernst C, Crownover PH, Liang Y, Zhao Q.","Clin Pharmacol Drug Dev. 2020 Jul;9(5):573-581. doi: 10.1002/cpdd.806. Epub 2020 May 28.","Lv Y","Clin Pharmacol Drug Dev","2020","2020/05/29","PMC7384059","","10.1002/cpdd.806"
"35215305","Pharmacokinetics and Bioequivalence of Two Empagliflozin, with Evaluation in Healthy Jordanian Subjects under Fasting and Fed Conditions","Hailat M, Zakaraya Z, Al-Ani I, Meanazel OA, Al-Shdefat R, Anwer MK, Saadh MJ, Abu Dayyih W.","Pharmaceuticals (Basel). 2022 Feb 3;15(2):193. doi: 10.3390/ph15020193.","Hailat M","Pharmaceuticals (Basel)","2022","2022/02/26","PMC8879246","","10.3390/ph15020193"
"39170740","A comparative evaluation of bioequivalence of Gan & Lee glargine U300 and Toujeo(®) in Chinese healthy male participants","Li X, He A, Liu B, Shan R, Zhu J, Li X, Xie T, Li Y, Chen M, Su H, Zhang C, Li L, Cheng D, Chen J, Wang Y, Su Y, Xu Y, Li Z, Zhou H, Chen W, Liu Y.","Front Endocrinol (Lausanne). 2024 Aug 7;15:1407829. doi: 10.3389/fendo.2024.1407829. eCollection 2024.","Li X","Front Endocrinol (Lausanne)","2024","2024/08/22","PMC11337195","","10.3389/fendo.2024.1407829"
"39937655","Bioequivalence of Aripiprazole Oral Soluble Films and Orally Disintegrating Tablets in Healthy Participants: A Crossover Study","Li R, Yang S, Yang G, Gu X, Zhang Z, Wang T, Tan Y, Chen S.","Clin Transl Sci. 2025 Feb;18(2):e70142. doi: 10.1111/cts.70142.","Li R","Clin Transl Sci","2025","2025/02/12","PMC11817677","","10.1111/cts.70142"
"23179472","Bioequivalence and tolerability assessment of a novel intravenous ciclosporin lipid emulsion compared to branded ciclosporin in Cremophor ® EL","Ehinger KH, Hansson MJ, Sjövall F, Elmér E.","Clin Drug Investig. 2013 Jan;33(1):25-34. doi: 10.1007/s40261-012-0029-x.","Ehinger KH","Clin Drug Investig","2013","2012/11/27","PMC3586182","","10.1007/s40261-012-0029-x"
"39575671","Exploration of the potential impact of batch-to-batch variability on the establishment of pharmacokinetic bioequivalence for inhalation powder drug products","Li S, Feng K, Lee J, Gong Y, Wu F, Newman B, Yoon M, Fang L, Zhao L, Gobburu JVS.","CPT Pharmacometrics Syst Pharmacol. 2025 Feb;14(2):331-339. doi: 10.1002/psp4.13276. Epub 2024 Nov 22.","Li S","CPT Pharmacometrics Syst Pharmacol","2025","2024/11/22","PMC11812940","","10.1002/psp4.13276"
"33606918","Evaluation of the Bioequivalence of Acarbose in Healthy Chinese People","Chen Y, Guo F, Wang X, Liu L, Yang C, Xiong Y, Zhang H.","Clin Pharmacol Drug Dev. 2021 Oct;10(10):1225-1230. doi: 10.1002/cpdd.921. Epub 2021 Feb 19.","Chen Y","Clin Pharmacol Drug Dev","2021","2021/02/19","PMC8518974","","10.1002/cpdd.921"
"39781445","Pharmacokinetics and Bioequivalence of Two Fixed-Dose Combination Tablets of Valsartan/Amlodipine (80/5 Mg) in Healthy Chinese Subjects","Tian M, Huang J, Chen Y, Jin Q, Jiang H, Shi C, Mei J, Xu M, Yu X, Yang S.","Drug Des Devel Ther. 2025 Jan 3;19:11-22. doi: 10.2147/DDDT.S485851. eCollection 2025.","Tian M","Drug Des Devel Ther","2025","2025/01/09","PMC11705982","","10.2147/DDDT.S485851"
"39006193","Pharmacokinetics and Safety of Estradiol Valerate Tablet and Its Generic: A Phase 1 Bioequivalence Study in Healthy Chinese Postmenopausal Female Subjects","Zhang L, Li M, Fan L, Liu F, Zhang P, Huang Q, Mai G, Shentu J.","Drug Des Devel Ther. 2024 Jul 10;18:2891-2904. doi: 10.2147/DDDT.S460681. eCollection 2024.","Zhang L","Drug Des Devel Ther","2024","2024/07/15","PMC11246651","","10.2147/DDDT.S460681"
"31728737","Stratum Corneum Sampling to Assess Bioequivalence between Topical Acyclovir Products","Pensado A, Chiu WS, Cordery SF, Rantou E, Bunge AL, Delgado-Charro MB, Guy RH.","Pharm Res. 2019 Nov 14;36(12):180. doi: 10.1007/s11095-019-2707-3.","Pensado A","Pharm Res","2019","2019/11/16","PMC6856025","","10.1007/s11095-019-2707-3"
"32989514","Variability of Skin Pharmacokinetic Data: Insights from a Topical Bioequivalence Study Using Dermal Open Flow Microperfusion","Bodenlenz M, Augustin T, Birngruber T, Tiffner KI, Boulgaropoulos B, Schwingenschuh S, Raney SG, Rantou E, Sinner F.","Pharm Res. 2020 Sep 28;37(10):204. doi: 10.1007/s11095-020-02920-x.","Bodenlenz M","Pharm Res","2020","2020/09/29","PMC7522073","","10.1007/s11095-020-02920-x"
"11259982","Journal impact factors: a 'bioequivalence' issue?","Rostami-Hodjegan A, Tucker GT.","Br J Clin Pharmacol. 2001 Feb;51(2):111-7. doi: 10.1111/j.1365-2125.2001.01349.x.","Rostami-Hodjegan A","Br J Clin Pharmacol","2001","2001/03/22","PMC2014448","","10.1111/j.1365-2125.2001.01349.x"
"19495991","In vitro considerations to support bioequivalence of locally acting drugs in dry powder inhalers for lung diseases","Lee SL, Adams WP, Li BV, Conner DP, Chowdhury BA, Yu LX.","AAPS J. 2009 Sep;11(3):414-23. doi: 10.1208/s12248-009-9121-4. Epub 2009 Jun 3.","Lee SL","AAPS J","2009","2009/06/05","PMC2758114","","10.1208/s12248-009-9121-4"
"19463151","Bioequivalence of HX575 (recombinant human epoetin alfa) and a comparator epoetin alfa after multiple intravenous administrations: an open-label randomised controlled trial","Sörgel F, Thyroff-Friesinger U, Vetter A, Vens-Cappell B, Kinzig M.","BMC Clin Pharmacol. 2009 May 22;9:10. doi: 10.1186/1472-6904-9-10.","Sörgel F","BMC Clin Pharmacol","2009","2009/05/26","PMC2695417","","10.1186/1472-6904-9-10"
"23484100","The steady-state serum concentration of genistein aglycone is affected by formulation: a bioequivalence study of bone products","Bitto A, Burnett BP, Polito F, Russo S, D'Anna R, Pillai L, Squadrito F, Altavilla D, Levy RM.","Biomed Res Int. 2013;2013:273498. doi: 10.1155/2013/273498. Epub 2012 Dec 31.","Bitto A","Biomed Res Int","2013","2013/03/14","PMC3591111","","10.1155/2013/273498"
"31140620","Adjusted indirect comparisons to assess bioequivalence between generic clopidogrel products in Serbia","Pejčić Z, Vučićević K, García-Arieta A, Miljković B.","Br J Clin Pharmacol. 2019 Sep;85(9):2059-2065. doi: 10.1111/bcp.13997. Epub 2019 Jul 7.","Pejčić Z","Br J Clin Pharmacol","2019","2019/05/30","PMC6710521","","10.1111/bcp.13997"
"25182387","Application of absorption modeling to predict bioequivalence outcome of two batches of etoricoxib tablets","Mitra A, Kesisoglou F, Dogterom P.","AAPS PharmSciTech. 2015 Feb;16(1):76-84. doi: 10.1208/s12249-014-0194-8. Epub 2014 Sep 3.","Mitra A","AAPS PharmSciTech","2015","2014/09/04","PMC4309824","","10.1208/s12249-014-0194-8"
"40868245","Bioequivalence and Pharmacokinetics of Low-Dose Anagrelide 0.5 mg Capsules in Healthy Volunteers","Inal A, Sezer Z, Pinarbasli O, Bulut B, Reinsch M, Martin W, Mazicioglu MM, Koru SA.","Biomedicines. 2025 Aug 15;13(8):1993. doi: 10.3390/biomedicines13081993.","Inal A","Biomedicines","2025","2025/08/28","PMC12383776","","10.3390/biomedicines13081993"
"33498960","An In Vitro-In Vivo Simulation Approach for the Prediction of Bioequivalence","Vlachou M, Karalis V.","Materials (Basel). 2021 Jan 24;14(3):555. doi: 10.3390/ma14030555.","Vlachou M","Materials (Basel)","2021","2021/01/27","PMC7865526","","10.3390/ma14030555"
"27037630","Batch-to-batch pharmacokinetic variability confounds current bioequivalence regulations: A dry powder inhaler randomized clinical trial","Burmeister Getz E, Carroll KJ, Jones B, Benet LZ.","Clin Pharmacol Ther. 2016 Sep;100(3):223-31. doi: 10.1002/cpt.373. Epub 2016 Apr 28.","Burmeister Getz E","Clin Pharmacol Ther","2016","2016/04/03","PMC5102576","","10.1002/cpt.373"
"23610523","Bioequivalence evaluation of epinephrine autoinjectors with attention to rapid delivery","Sclar DA.","Ther Clin Risk Manag. 2013;9:149-51. doi: 10.2147/TCRM.S43774. Epub 2013 Apr 12.","Sclar DA","Ther Clin Risk Manag","2013","2013/04/24","PMC3629870","","10.2147/TCRM.S43774"
"40375117","A study on the pharmacokinetic bioequivalence of oral tablet formulations of riluzole among healthy volunteers utilizing HPLC-MS/MS","Yu F, Wang R, Wang K, Lin B, Zhou X, Chen L, Ma L, Liao Z, Zhang W.","BMC Pharmacol Toxicol. 2025 May 15;26(1):105. doi: 10.1186/s40360-025-00931-1.","Yu F","BMC Pharmacol Toxicol","2025","2025/05/15","PMC12079988","","10.1186/s40360-025-00931-1"
"25070482","Effect of excipients on the particle size of precipitated pioglitazone in the gastrointestinal tract: impact on bioequivalence","Sugita M, Kataoka M, Sugihara M, Takeuchi S, Yamashita S.","AAPS J. 2014 Sep;16(5):1119-27. doi: 10.1208/s12248-014-9646-z. Epub 2014 Jul 29.","Sugita M","AAPS J","2014","2014/07/30","PMC4147060","","10.1208/s12248-014-9646-z"
"30511473","Adjustment of the area under the concentration curve by terminal rate constant for bioequivalence assessment in a parallel-group study of lamotrigine","Yang J, Ma P, Bullman J, Nicholls A, Chen C.","Br J Clin Pharmacol. 2019 Mar;85(3):563-569. doi: 10.1111/bcp.13826. Epub 2019 Jan 17.","Yang J","Br J Clin Pharmacol","2019","2018/12/05","PMC6379210","","10.1111/bcp.13826"
"25666686","Saliva versus plasma bioequivalence of rusovastatin in humans: validation of class III drugs of the salivary excretion classification system","Idkaidek N, Arafat T.","Drugs R D. 2015 Mar;15(1):79-83. doi: 10.1007/s40268-015-0080-1.","Idkaidek N","Drugs R D","2015","2015/02/11","PMC4359179","","10.1007/s40268-015-0080-1"
"36795340","Bioequivalence of recombinant factor VIII products: a position paper from the Italian Association of Hemophilia Centers","Zanon E, De Cristofaro R, Franchini M, Morfini M, Pasut G, Molinari AC, Santoro C, Santoro RC, Coppola A, Rocino A.","Blood Transfus. 2023 Sep;21(5):441-451. doi: 10.2450/2023.0235-22. Epub 2023 Jan 26.","Zanon E","Blood Transfus","2023","2023/02/16","PMC10497389","","10.2450/2023.0235-22"
"38144272","Pharmacokinetics and bioequivalence of Withania somnifera (Ashwagandha) extracts - A double blind, crossover study in healthy adults","Kim SK, Venkatesan J, Rathi P, Antony B.","Heliyon. 2023 Nov 28;9(12):e22843. doi: 10.1016/j.heliyon.2023.e22843. eCollection 2023 Dec.","Kim SK","Heliyon","2023","2023/12/25","PMC10746415","","10.1016/j.heliyon.2023.e22843"
"21617777","Formulation and bioequivalence of two valsartan tablets after a single oral administration","Zaid AN, Cortesi R, Qaddomi A, Khammash S.","Sci Pharm. 2011 Jan-Mar;79(1):123-35. doi: 10.3797/scipharm.1009-01. Epub 2010 Nov 20.","Zaid AN","Sci Pharm","2011","2011/05/28","PMC3097505","","10.3797/scipharm.1009-01"
"37763120","Pharmacogenetic Variants Associated with Fluoxetine Pharmacokinetics from a Bioequivalence Study in Healthy Subjects","Díaz-Tufinio CA, Palma-Aguirre JA, Gonzalez-Covarrubias V.","J Pers Med. 2023 Sep 1;13(9):1352. doi: 10.3390/jpm13091352.","Díaz-Tufinio CA","J Pers Med","2023","2023/09/28","PMC10532907","","10.3390/jpm13091352"
"39177211","Development and comparison of model-integrated evidence approaches for bioequivalence studies with pharmacokinetic end points","Chen X, Nyberg HB, Donnelly M, Zhao L, Fang L, Karlsson MO, Hooker AC.","CPT Pharmacometrics Syst Pharmacol. 2024 Oct;13(10):1734-1747. doi: 10.1002/psp4.13216. Epub 2024 Aug 23.","Chen X","CPT Pharmacometrics Syst Pharmacol","2024","2024/08/23","PMC11494825","","10.1002/psp4.13216"
"32870153","Bioequivalence of perampanel fine granules and tablets in healthy Japanese subjects","Shiba S, Sekino H, Ishiba K, Yasuda S, Inoue S, Kotaka K, Reyderman L, Uchida N.","Int J Clin Pharmacol Ther. 2020 Dec;58(12):757-764. doi: 10.5414/CP203781.","Shiba S","Int J Clin Pharmacol Ther","2020","2020/09/02","PMC7659282","","10.5414/CP203781"
"32661944","10th Anniversary of a Two-Stage Design in Bioequivalence. Why Has it Still Not Been Implemented?","Kaza M, Sokolovskyi A, Rudzki PJ.","Pharm Res. 2020 Jul 13;37(7):140. doi: 10.1007/s11095-020-02871-3.","Kaza M","Pharm Res","2020","2020/07/15","PMC7359142","","10.1007/s11095-020-02871-3"
"37111561","Confocal Raman Spectroscopy for Assessing Bioequivalence of Topical Formulations","Iliopoulos F, Tang CF, Li Z, Rahma A, Lane ME.","Pharmaceutics. 2023 Mar 27;15(4):1075. doi: 10.3390/pharmaceutics15041075.","Iliopoulos F","Pharmaceutics","2023","2023/04/28","PMC10142145","","10.3390/pharmaceutics15041075"
"22130775","Common deficiencies with bioequivalence submissions in abbreviated new drug applications assessed by FDA","Liu Q, Davit BM, Cherstniakova SA, Dandamudi S, Walters JF, Lee CH, Raines KW, Ren K, Williamson LN, Conner DP.","AAPS J. 2012 Mar;14(1):19-22. doi: 10.1208/s12248-011-9312-7. Epub 2011 Dec 1.","Liu Q","AAPS J","2012","2011/12/02","PMC3291193","","10.1208/s12248-011-9312-7"
"40839056","Bioequivalence and Pharmacokinetic Evaluation of Two Metformin Hydrochloride Tablets Under Fasting and Fed Conditions in Healthy Chinese Volunteers","Huang Y, Cai Q, Li M, Guo S, Dong G, Hu S, Zhong C.","Eur J Drug Metab Pharmacokinet. 2025 Sep;50(5):431-440. doi: 10.1007/s13318-025-00961-4. Epub 2025 Aug 21.","Huang Y","Eur J Drug Metab Pharmacokinet","2025","2025/08/21","PMC12394267","","10.1007/s13318-025-00961-4"
"40595770","Bioequivalence study of two formulations of lurasidone film coated tablets in healthy subjects under fed conditions","Sözer G, Nacak M, Durucu E, Martin W, Reinsch M, Koru S, Erenmemişoğlu A.","Sci Rep. 2025 Jul 1;15(1):20492. doi: 10.1038/s41598-025-04800-z.","Sözer G","Sci Rep","2025","2025/07/02","PMC12214960","","10.1038/s41598-025-04800-z"
"31724343","Bioequivalence and Food Effect Assessment of 2 Fixed-Dose Combination Formulations of Dolutegravir and Lamivudine","Dumitrescu TP, Peddiraju K, Fu C, Bakshi K, Yu S, Zhang Z, Tenorio AR, Spancake C, Joshi S, Wolstenholme A, Adkison K.","Clin Pharmacol Drug Dev. 2020 Feb;9(2):189-202. doi: 10.1002/cpdd.740. Epub 2019 Nov 14.","Dumitrescu TP","Clin Pharmacol Drug Dev","2020","2019/11/15","PMC7028125","","10.1002/cpdd.740"
"23209934","Bioequivalence study of donepezil hydrochloride tablets in healthy male volunteers","Rojanasthien N, Aunmuang S, Hanprasertpong N, Roongapinun S, Teekachunhatean S.","ISRN Pharmacol. 2012;2012:527679. doi: 10.5402/2012/527679. Epub 2012 Nov 1.","Rojanasthien N","ISRN Pharmacol","2012","2012/12/05","PMC3503324","","10.5402/2012/527679"
"40279189","Bioequivalence and Food Effect Assessment of Two Fixed-Dose Combination Formulations of Telmisartan-Hydrochlorothiazide Tablets in Chinese Healthy Subjects","Hu M, Yang M, Zhang S, Li J, Pang H, Pei Y, Guo C, Wang X.","Clin Transl Sci. 2025 May;18(5):e70228. doi: 10.1111/cts.70228.","Hu M","Clin Transl Sci","2025","2025/04/25","PMC12024483","","10.1111/cts.70228"
"39853760","Bioequivalence Design With Sampling Distribution Segments","Hagar L, Stevens NT.","Stat Med. 2025 Feb 10;44(3-4):e10321. doi: 10.1002/sim.10321.","Hagar L","Stat Med","2025","2025/01/24","PMC11758261","","10.1002/sim.10321"
"32338459","Bioequivalence and pharmacodynamics of a generic dabigatran etexilate capsule in healthy Chinese subjects under fasting and fed conditions","Li X, Liu L, Xu B, Xiang Q, Li Y, Zhang P, Wang Y, Xie Q, Mao Y, Cui Y.","Pharmacol Res Perspect. 2020 Apr;8(2):e00593. doi: 10.1002/prp2.593.","Li X","Pharmacol Res Perspect","2020","2020/04/28","PMC7184321","","10.1002/prp2.593"
"18959779","Bioequivalence study of three ibuprofen formulations after single dose administration in healthy volunteers","Bramlage P, Goldis A.","BMC Pharmacol. 2008 Oct 29;8:18. doi: 10.1186/1471-2210-8-18.","Bramlage P","BMC Pharmacol","2008","2008/10/31","PMC2613135","","10.1186/1471-2210-8-18"
"32099328","Comparative Pharmacokinetics, Bioequivalence and Safety Study of Two Recombinant Human Chorionic Gonadotropin Injections in Healthy Chinese Subjects","Wang J, Yang T, Mei H, Yu X, Peng H, Wang R, Cai Y.","Drug Des Devel Ther. 2020 Jan 29;14:435-444. doi: 10.2147/DDDT.S235064. eCollection 2020.","Wang J","Drug Des Devel Ther","2020","2020/02/27","PMC6996485","","10.2147/DDDT.S235064"
"21775984","Bioequivalence of oral products and the biopharmaceutics classification system: science, regulation, and public policy","Amidon KS, Langguth P, Lennernäs H, Yu L, Amidon GL.","Clin Pharmacol Ther. 2011 Sep;90(3):467-70. doi: 10.1038/clpt.2011.109. Epub 2011 Jul 20.","Amidon KS","Clin Pharmacol Ther","2011","2011/07/22","PMC3228645","NIHMS337891","10.1038/clpt.2011.109"
"39830354","Bioequivalence study of fluticasone propionate nebuliser suspensions in healthy Chinese subjects","Cheng F, Shen T, Zhang F, Lei C, Zhu Y, Luo G, Xiao D.","Front Pharmacol. 2025 Jan 3;15:1452596. doi: 10.3389/fphar.2024.1452596. eCollection 2024.","Cheng F","Front Pharmacol","2025","2025/01/20","PMC11738769","","10.3389/fphar.2024.1452596"
"27727445","Between-Batch Pharmacokinetic Variability Inflates Type I Error Rate in Conventional Bioequivalence Trials: A Randomized Advair Diskus Clinical Trial","Burmeister Getz E, Carroll KJ, Mielke J, Benet LZ, Jones B.","Clin Pharmacol Ther. 2017 Mar;101(3):331-340. doi: 10.1002/cpt.535. Epub 2016 Nov 26.","Burmeister Getz E","Clin Pharmacol Ther","2017","2016/10/12","PMC5324827","","10.1002/cpt.535"
"38114931","A Bayesian approach to pilot-pivotal trials for bioequivalence assessment","Lv D, Grayling MJ, Zhang X, Zhao Q, Zheng H.","BMC Med Res Methodol. 2023 Dec 19;23(1):301. doi: 10.1186/s12874-023-02120-2.","Lv D","BMC Med Res Methodol","2023","2023/12/20","PMC10729540","","10.1186/s12874-023-02120-2"
"37455965","Effects of food on pharmacokinetics and safety of metformin hydrochloride tablets: A meta-analysis of pharmacokinetic, bioavailability, or bioequivalence studies","Sun ML, Liu F, Yan P, Chen W, Wang XH.","Heliyon. 2023 Jul 1;9(7):e17906. doi: 10.1016/j.heliyon.2023.e17906. eCollection 2023 Jul.","Sun ML","Heliyon","2023","2023/07/17","PMC10344758","","10.1016/j.heliyon.2023.e17906"
"33469270","Bioequivalence and Pharmacokinetic Profiles of Generic and Branded Obeticholic Acid in Healthy Chinese Subjects Under Fasting and Fed Conditions","Wang MN, Yu HT, Li YQ, Zeng Y, Yang S, Yang GP, Pei Q, Huang J.","Drug Des Devel Ther. 2021 Jan 14;15:185-193. doi: 10.2147/DDDT.S289016. eCollection 2021.","Wang MN","Drug Des Devel Ther","2021","2021/01/20","PMC7813459","","10.2147/DDDT.S289016"
"37707674","Pharmacokinetic and Pharmacodynamic Bioequivalence of Pegfilgrastim-cbqv Delivered via a Prefilled Autoinjector and Prefilled Syringe in Healthy Male Participants","Tang H, Civoli F, Tatarewicz S, Vandenkoornhuyse N, Finck B.","Adv Ther. 2023 Nov;40(11):4889-4906. doi: 10.1007/s12325-023-02636-5. Epub 2023 Sep 14.","Tang H","Adv Ther","2023","2023/09/14","PMC10567933","","10.1007/s12325-023-02636-5"
"33062629","Bioequivalence of the pharmacokinetics between tofacitinib aspartate and tofacitinib citrate in healthy subjects","Shin W, Yang AY, Yun H, Cho DY, Park KH, Shin H, Kim A.","Transl Clin Pharmacol. 2020 Sep;28(3):160-167. doi: 10.12793/tcp.2020.28.e13. Epub 2020 Sep 21.","Shin W","Transl Clin Pharmacol","2020","2020/10/16","PMC7533161","","10.12793/tcp.2020.28.e13"
"8363378","Bioequivalence of oral and intravenous ofloxacin after multiple-dose administration to healthy male volunteers","Flor SC, Rogge MC, Chow AT.","Antimicrob Agents Chemother. 1993 Jul;37(7):1468-72. doi: 10.1128/AAC.37.7.1468.","Flor SC","Antimicrob Agents Chemother","1993","1993/07/01","PMC187996","","10.1128/AAC.37.7.1468"
"36824609","Bioequivalence study of ipratropium bromide inhalation aerosol using PBPK modelling","Zhang J, Wu K, Liu B, Hou S, Li X, Ye X, Liu J, He Q.","Front Med (Lausanne). 2023 Feb 7;10:1056318. doi: 10.3389/fmed.2023.1056318. eCollection 2023.","Zhang J","Front Med (Lausanne)","2023","2023/02/24","PMC9941642","","10.3389/fmed.2023.1056318"
"36029150","Bioequivalence and Relative Bioavailability Studies to Assess a New Acalabrutinib Formulation That Enables Coadministration With Proton-Pump Inhibitors","Sharma S, Pepin X, Burri H, Zheng L, Kuptsova-Clarkson N, de Jong A, Yu T, MacArthur HL, Majewski M, Byrd JC, Furman RR, Ware JA, Mann J, Ramies D, Munugalavadla V, Sheridan L, Tomkinson H.","Clin Pharmacol Drug Dev. 2022 Nov;11(11):1294-1307. doi: 10.1002/cpdd.1153. Epub 2022 Aug 27.","Sharma S","Clin Pharmacol Drug Dev","2022","2022/08/27","PMC9804870","","10.1002/cpdd.1153"
"36369609","Pharmacokinetics, Bioequivalence and Safety of Cloperastine in Chinese Healthy Subjects Under Fasting and Postprandial Conditions","Luo HY, Long HZ, Zhou ZW, Xu SG, Li FJ, Cheng Y, Wen DD, Deng P, Gao LC.","Drugs R D. 2022 Dec;22(4):311-320. doi: 10.1007/s40268-022-00406-2. Epub 2022 Nov 11.","Luo HY","Drugs R D","2022","2022/11/12","PMC9651896","","10.1007/s40268-022-00406-2"
"27747530","Pharmacokinetics and Bioequivalence Study of Hydroxychloroquine Sulfate Tablets in Chinese Healthy Volunteers by LC-MS/MS","Fan HW, Ma ZX, Chen J, Yang XY, Cheng JL, Li YB.","Rheumatol Ther. 2015 Dec;2(2):183-195. doi: 10.1007/s40744-015-0012-0. Epub 2015 Jul 10.","Fan HW","Rheumatol Ther","2015","2016/10/18","PMC4883261","","10.1007/s40744-015-0012-0"
"29749718","Bioequivalence Evaluation of Two Oral Formulations of Acetaminophen in Healthy Subjects: Results From a Randomized, Single-Blind, Crossover Study","García Aguirre L, Bohorquez Nassar C, Ruiz Olmedo I, Dennie L, Medina Nolasco AG.","Clin Pharmacol Drug Dev. 2019 Jan;8(1):9-15. doi: 10.1002/cpdd.469. Epub 2018 May 11.","García Aguirre L","Clin Pharmacol Drug Dev","2019","2018/05/12","PMC6667897","","10.1002/cpdd.469"
"36872388","Predictive Potential of BCS and Pharmacokinetic Parameters on Study Outcome: Analysis of 198 In Vivo Bioequivalence Studies","Krajcar D, Grabnar I, Jereb R, Legen I, Opara J.","Eur J Drug Metab Pharmacokinet. 2023 May;48(3):241-255. doi: 10.1007/s13318-023-00821-z. Epub 2023 Mar 5.","Krajcar D","Eur J Drug Metab Pharmacokinet","2023","2023/03/05","PMC10175306","","10.1007/s13318-023-00821-z"
"32628582","Randomized, Parallel Group, Open-Label Bioequivalence Trial of Intramuscular Pegaspargase in Patients With Relapsed Acute Lymphoblastic Leukemia","Nookala Krishnamurthy M, Narula G, Gandhi K, Awase A, Pandit R, Raut S, Singh R, Gota V, Banavali SD.","JCO Glob Oncol. 2020 Jul;6:1009-1016. doi: 10.1200/GO.20.00113.","Nookala Krishnamurthy M","JCO Glob Oncol","2020","2020/07/07","PMC7392740","","10.1200/GO.20.00113"
"23788840","Update on the safety and bioequivalence of biosimilars - focus on enoxaparin","Jeske W, Walenga JM, Hoppensteadt D, Fareed J.","Drug Healthc Patient Saf. 2013 Jun 10;5:133-41. doi: 10.2147/DHPS.S28813. Print 2013.","Jeske W","Drug Healthc Patient Saf","2013","2013/06/22","PMC3684140","","10.2147/DHPS.S28813"
"33547863","Physiologically-based pharmacokinetic modeling to support bioequivalence and approval of generic products: A case for diclofenac sodium topical gel, 1","Tsakalozou E, Babiskin A, Zhao L.","CPT Pharmacometrics Syst Pharmacol. 2021 May;10(5):399-411. doi: 10.1002/psp4.12600. Epub 2021 Mar 9.","Tsakalozou E","CPT Pharmacometrics Syst Pharmacol","2021","2021/02/06","PMC8129718","","10.1002/psp4.12600"
"40349288","Pharmacokinetic profile of novel reduced-dose Danziten(™) (nilotinib tablets) versus Tasigna(®) (nilotinib capsules): in vivo bioequivalence and population pharmacokinetic analysis","Mauro M, Radich J, Jain P, Sequeira D, Bellanti F, Douer D.","Cancer Chemother Pharmacol. 2025 May 11;95(1):56. doi: 10.1007/s00280-025-04777-6.","Mauro M","Cancer Chemother Pharmacol","2025","2025/05/11","PMC12066371","","10.1007/s00280-025-04777-6"
"39708086","A Bioequivalence Study of Two Formulations of Oral Semaglutide in Healthy Participants","Nielsen MS, Brøndsted L, Kankam M, Morelli G, Nguyen D, Skjøth TV, Patted UR, van Hout M.","Diabetes Ther. 2025 Feb;16(2):269-287. doi: 10.1007/s13300-024-01674-8. Epub 2024 Dec 21.","Nielsen MS","Diabetes Ther","2025","2024/12/21","PMC11794934","","10.1007/s13300-024-01674-8"
"32374030","Bioequivalence of macitentan and tadalafil given as fixed-dose combination or single-component tablets in healthy subjects","Grill S, Bruderer S, Sidharta PN, Antonova M, Globig S, Carlson J, Schultz A, Csonka D.","Br J Clin Pharmacol. 2020 Dec;86(12):2424-2434. doi: 10.1111/bcp.14347. Epub 2020 May 29.","Grill S","Br J Clin Pharmacol","2020","2020/05/07","PMC7688529","","10.1111/bcp.14347"
"37242672","Alternative Analysis Approaches for the Assessment of Pilot Bioavailability/Bioequivalence Studies","Henriques SC, Albuquerque J, Paixão P, Almeida L, Silva NE.","Pharmaceutics. 2023 May 7;15(5):1430. doi: 10.3390/pharmaceutics15051430.","Henriques SC","Pharmaceutics","2023","2023/05/27","PMC10222359","","10.3390/pharmaceutics15051430"
"31399883","Pharmacokinetics and Bioequivalence of Memantine Tablet and a New Dry Syrup Formulation in Healthy Japanese Males: Two Single-Dose Crossover Studies","Maekawa Y, Hasegawa S, Ishizuka T, Shiosakai K, Ishizuka H.","Adv Ther. 2019 Oct;36(10):2930-2940. doi: 10.1007/s12325-019-01044-y. Epub 2019 Aug 9.","Maekawa Y","Adv Ther","2019","2019/08/11","PMC6822834","","10.1007/s12325-019-01044-y"
"26831249","An Exact Procedure for the Evaluation of Reference-Scaled Average Bioequivalence","Tothfalusi L, Endrenyi L.","AAPS J. 2016 Mar;18(2):476-89. doi: 10.1208/s12248-016-9873-6. Epub 2016 Jan 29.","Tothfalusi L","AAPS J","2016","2016/02/03","PMC4779113","","10.1208/s12248-016-9873-6"
"37206631","A new method for investigating bioequivalence of inhaled formulations: A pilot study on salbutamol","Rezaei H, Khoubnasabjafari M, Jouyban-Gharamaleki V, Hamishehkar H, Afshar Mogaddam MR, Rahimpour E, Mehvar R, Jouyban A.","J Pharm Pharm Sci. 2023 May 3;26:11466. doi: 10.3389/jpps.2023.11466. eCollection 2023.","Rezaei H","J Pharm Pharm Sci","2023","2023/05/19","PMC10188931","","10.3389/jpps.2023.11466"
"30464392","Pharmacokinetic and bioequivalence study comparing a fimasartan/rosuvastatin fixed-dose combination with the concomitant administration of fimasartan and rosuvastatin in healthy subjects","Kang WY, Seong SJ, Ohk B, Gwon MR, Kim BK, Cho S, Shim WS, Lee KT, Kim EH, Yang DH, Lee HW, Yoon YR.","Drug Des Devel Ther. 2018 Oct 26;12:3607-3615. doi: 10.2147/DDDT.S161917. eCollection 2018.","Kang WY","Drug Des Devel Ther","2018","2018/11/23","PMC6208487","","10.2147/DDDT.S161917"
"8834905","Investigation of bioequivalence and tolerability of intramuscular ceftriaxone injections by using 1% lidocaine, buffered lidocaine, and sterile water diluents","Hayward CJ, Nafziger AN, Kohlhepp SJ, Bertino JS Jr.","Antimicrob Agents Chemother. 1996 Feb;40(2):485-7. doi: 10.1128/AAC.40.2.485.","Hayward CJ","Antimicrob Agents Chemother","1996","1996/02/01","PMC163141","","10.1128/AAC.40.2.485"
"20233194","Assessing the bioequivalence of analogues of endogenous substances ('endogenous drugs'): considerations to optimize study design","Dissanayake S.","Br J Clin Pharmacol. 2010 Mar;69(3):238-44. doi: 10.1111/j.1365-2125.2009.03585.x.","Dissanayake S","Br J Clin Pharmacol","2010","2010/03/18","PMC2829693","","10.1111/j.1365-2125.2009.03585.x"
"20716246","The failure to show bioequivalence is not evidence against generics","García-Arieta A.","Br J Clin Pharmacol. 2010 Sep;70(3):452-3. doi: 10.1111/j.1365-2125.2010.03684.x.","García-Arieta A","Br J Clin Pharmacol","2010","2010/08/19","PMC2949920","","10.1111/j.1365-2125.2010.03684.x"
"31365188","The Bioequivalence and Effect of Food on the Pharmacokinetics of a Fixed-Dose Combination Tablet Containing Rosuvastatin and Ezetimibe in Healthy Japanese Subjects","Nishida C, Matsumoto Y, Fujimoto K, Shirakawa M, Wrishko RE, Behm MO, Furihata K.","Clin Transl Sci. 2019 Nov;12(6):704-712. doi: 10.1111/cts.12677. Epub 2019 Sep 26.","Nishida C","Clin Transl Sci","2019","2019/08/01","PMC6853265","","10.1111/cts.12677"
"38026975","Pharmacokinetics and bioequivalence of sunitinib and Sutent(®) in Chinese healthy subjects: an open-label, randomized, crossover study","Wang Y, Deng Q, Gao Z, Liu G, Su Z, Zhao Y, Zhang L, Yang H.","Front Pharmacol. 2023 Nov 10;14:1294688. doi: 10.3389/fphar.2023.1294688. eCollection 2023.","Wang Y","Front Pharmacol","2023","2023/11/29","PMC10667676","","10.3389/fphar.2023.1294688"
"26451086","Investigation of the bioequivalence of montelukast chewable tablets after a single oral administration using a validated LC-MS/MS method","Zaid AN, Abualhasan MN, Watson DG, Mousa A, Ghazal N, Bustami R.","Drug Des Devel Ther. 2015 Sep 23;9:5315-21. doi: 10.2147/DDDT.S87938. eCollection 2015.","Zaid AN","Drug Des Devel Ther","2015","2015/10/10","PMC4590312","","10.2147/DDDT.S87938"
"21969744","Determination of actarit from human plasma for bioequivalence studies","Loya P, Saraf MN.","Indian J Pharm Sci. 2010 Nov;72(6):726-31. doi: 10.4103/0250-474X.84581.","Loya P","Indian J Pharm Sci","2010","2011/10/05","PMC3178973","","10.4103/0250-474X.84581"
"24871343","A sequential bioequivalence design with a potential ethical advantage","Fuglsang A.","AAPS J. 2014 Jul;16(4):843-6. doi: 10.1208/s12248-014-9622-7. Epub 2014 May 29.","Fuglsang A","AAPS J","2014","2014/05/30","PMC4070248","","10.1208/s12248-014-9622-7"
"29926514","A pharmacokinetics phase 1 bioequivalence study of the trastuzumab biosimilar MYL-1401O vs. EU-trastuzumab and US-trastuzumab","Waller CF, Vutikullird A, Lawrence TE, Shaw A, Liu MS, Baczkowski M, Sharma R, Barve A, Goyal P, Donnelly C, Sengupta N, Pennella EJ.","Br J Clin Pharmacol. 2018 Oct;84(10):2336-2343. doi: 10.1111/bcp.13689. Epub 2018 Jul 31.","Waller CF","Br J Clin Pharmacol","2018","2018/06/22","PMC6138509","","10.1111/bcp.13689"
"28507991","Evaluation of Bioequivalence of Two Long-Acting 20% Oxytetracycline Formulations in Pigs","Lei Z, Liu Q, Yang B, Ahmed S, Xiong J, Song T, Chen P, Cao J, He Q.","Front Vet Sci. 2017 May 1;4:61. doi: 10.3389/fvets.2017.00061. eCollection 2017.","Lei Z","Front Vet Sci","2017","2017/05/17","PMC5410648","","10.3389/fvets.2017.00061"
"22242645","Bioequivalence of two omega-3 fatty acid ethyl ester formulations: a case of clinical pharmacology of dietary supplements","Galli C, Maggi FM, Risé P, Sirtori CR.","Br J Clin Pharmacol. 2012 Jul;74(1):60-5. doi: 10.1111/j.1365-2125.2012.04174.x.","Galli C","Br J Clin Pharmacol","2012","2012/01/17","PMC3394129","","10.1111/j.1365-2125.2012.04174.x"
"24218038","Futility rules in bioequivalence trials with sequential designs","Fuglsang A.","AAPS J. 2014 Jan;16(1):79-82. doi: 10.1208/s12248-013-9540-0. Epub 2013 Nov 12.","Fuglsang A","AAPS J","2014","2013/11/13","PMC3889523","","10.1208/s12248-013-9540-0"
"30460996","Bioequivalence and Therapeutic Equivalence of Generic and Brand Bupropion in Adults With Major Depression: A Randomized Clinical Trial","Kharasch ED, Neiner A, Kraus K, Blood J, Stevens A, Schweiger J, Miller JP, Lenze EJ.","Clin Pharmacol Ther. 2019 May;105(5):1164-1174. doi: 10.1002/cpt.1309. Epub 2019 Jan 18.","Kharasch ED","Clin Pharmacol Ther","2019","2018/11/22","PMC6465131","NIHMS998039","10.1002/cpt.1309"
"35566058","Determination of Dapoxetine Hydrochloride in Human Plasma by HPLC-MS/MS and Its Application in a Bioequivalence Study","Zhang X, Gao Z, Qin F, Chen K, Wang J, Wang L.","Molecules. 2022 Apr 22;27(9):2707. doi: 10.3390/molecules27092707.","Zhang X","Molecules","2022","2022/05/14","PMC9101379","","10.3390/molecules27092707"
"12866946","Atenolol quantification in human plasma by high-performance liquid chromatography: application to bioequivalence study","de Abreu LR, de Castro SA, Pedrazzoli J Jr.","AAPS PharmSci. 2003;5(2):E21. doi: 10.1208/ps050221.","de Abreu LR","AAPS PharmSci","2003","2003/07/18","PMC2751528","","10.1208/ps050221"
"40098905","Bioequivalence Study of Single-Pill Capsule Formulation of Amlodipine Plus Benazepril in Healthy Chinese Subjects Under Fasting and Fed Conditions","Song H, Qiu B, Sun X, Guo C, Hu Y, Dong Z, Liu Y, Bai W.","Drug Des Devel Ther. 2025 Mar 13;19:1853-1868. doi: 10.2147/DDDT.S498337. eCollection 2025.","Song H","Drug Des Devel Ther","2025","2025/03/18","PMC11912929","","10.2147/DDDT.S498337"
"31207178","Bioequivalence of Ertugliflozin/Metformin Fixed-Dose Combination Tablets and Coadministration of Respective Strengths of Individual Components","Dawra VK, Liang Y, Wei H, Pelletier K, Shi H, Hickman A, Bass A, Terra SG, Zhou S, Krishna R, Sahasrabudhe V.","Clin Pharmacol Drug Dev. 2020 Jan;9(1):50-61. doi: 10.1002/cpdd.703. Epub 2019 Jun 17.","Dawra VK","Clin Pharmacol Drug Dev","2020","2019/06/18","PMC7003954","","10.1002/cpdd.703"
"34850368","Pharmacokinetics and Bioequivalence of Sitagliptin Phosphate/Metformin Hydrochloride Tablets in Healthy Chinese Subjects: A Randomized, Open-Label, Crossover Study","Shi P, Liu X, Li T, Sun FF, Liu YP, Liu SQ, Gao XM, Ma YP, Fu Y, Cao Y.","Drugs R D. 2022 Mar;22(1):15-23. doi: 10.1007/s40268-021-00371-2. Epub 2021 Nov 30.","Shi P","Drugs R D","2022","2021/12/01","PMC8885939","","10.1007/s40268-021-00371-2"
"20845089","Formulation development of morphine sulfate sustained-release tablets and its bioequivalence study in healthy Thai volunteers","Preechagoon D, Sumyai V, Chulavatnatol S, Kulvanich P, Tessiri T, Tontisirin K, Pongjanyakul T, Uchaipichat V, Aumpon S, Wongvipaporn C.","AAPS PharmSciTech. 2010 Sep;11(3):1449-55. doi: 10.1208/s12249-010-9518-5. Epub 2010 Sep 16.","Preechagoon D","AAPS PharmSciTech","2010","2010/09/17","PMC2974156","","10.1208/s12249-010-9518-5"
"25237334","Metabolite parameters as an appropriate alternative approach for assessment of bioequivalence of two verapamil formulations","Haeri A, Javadian B, Saadati R, Dadashzadeh S.","Iran J Pharm Res. 2014 Spring;13(2):383-9.","Haeri A","Iran J Pharm Res","2014","2014/09/20","PMC4157014","",""
"37752265","Formulation development, in vivo bioequivalence and pediatric PBPK modeling studies of taste-masked ciprofloxacin chewable tablets","Usmani MT, Shoaib MH, Siddiqui F, Ahmed FR, Yousuf RI, Saleem MT.","Sci Rep. 2023 Sep 26;13(1):16070. doi: 10.1038/s41598-023-43423-0.","Usmani MT","Sci Rep","2023","2023/09/26","PMC10522605","","10.1038/s41598-023-43423-0"
"20686624","Bioequivalence of the 4-mg Oral Granules and Chewable Tablet Formulations of Montelukast","Knorr B, Hartford A, Li XS, Yang AY, Noonan G, Migoya E.","Arch Drug Inf. 2010 Jun;3(2):37-43. doi: 10.1111/j.1753-5174.2010.00029.x.","Knorr B","Arch Drug Inf","2010","2010/08/06","PMC2913109","","10.1111/j.1753-5174.2010.00029.x"
"27141268","LC-MS Method for Studying the Pharmacokinetics and Bioequivalence of Clonidine Hydrochloride in Healthy Male Volunteers","Danafar H, Hamidi M.","Avicenna J Med Biotechnol. 2016 Apr-Jun;8(2):91-8.","Danafar H","Avicenna J Med Biotechnol","2016","2016/05/04","PMC4842247","",""
"39057608","A Vector Theory of Assessing Clinical Trials: An Application to Bioequivalence","Karalis VD.","J Cardiovasc Dev Dis. 2024 Jun 21;11(7):185. doi: 10.3390/jcdd11070185.","Karalis VD","J Cardiovasc Dev Dis","2024","2024/07/26","PMC11277341","","10.3390/jcdd11070185"
"33044102","Method for evaluating the human bioequivalence of acarbose based on pharmacodynamic parameters","Xu SM, Xu YY, Yan J, Zhang YF, Li D, Li D, Li XM, Guo J, Xu PS.","J Int Med Res. 2020 Oct;48(10):300060520960317. doi: 10.1177/0300060520960317.","Xu SM","J Int Med Res","2020","2020/10/12","PMC7556174","","10.1177/0300060520960317"
"25473327","Study on requirements of bioequivalence for registration of pharmaceutical products in USA, Europe and Canada","Galgatte UC, Jamdade VR, Aute PP, Chaudhari PD.","Saudi Pharm J. 2014 Nov;22(5):391-402. doi: 10.1016/j.jsps.2013.05.001. Epub 2013 May 31.","Galgatte UC","Saudi Pharm J","2014","2014/12/05","PMC4246407","","10.1016/j.jsps.2013.05.001"
"39205490","Evaluation of model-integrated evidence approaches for pharmacokinetic bioequivalence studies using model averaging methods","Bjugård Nyberg H, Chen X, Donnelly M, Fang L, Zhao L, Karlsson MO, Hooker AC.","CPT Pharmacometrics Syst Pharmacol. 2024 Oct;13(10):1748-1761. doi: 10.1002/psp4.13217. Epub 2024 Aug 28.","Bjugård Nyberg H","CPT Pharmacometrics Syst Pharmacol","2024","2024/08/29","PMC11494900","","10.1002/psp4.13217"
"30828406","Bioequivalence of 2 Naproxen Sodium Tablet Formulations in Healthy Male and Female Volunteers","Sugár D, Francombe D, da Silva T, Adams R, Hutchings S.","Curr Ther Res Clin Exp. 2019 Jan 18;90:33-38. doi: 10.1016/j.curtheres.2019.01.004. eCollection 2019.","Sugár D","Curr Ther Res Clin Exp","2019","2019/03/05","PMC6383175","","10.1016/j.curtheres.2019.01.004"
"31372190","Bioequivalence Study of 100-mg Cilostazol Tablets in Healthy Thai Adult Volunteers","Chatsiricharoenkul S, Nanchaipruek Y, Manopinives P, Atakulreka S, Niyomnaitham S.","Curr Ther Res Clin Exp. 2019 Jul 15;91:11-16. doi: 10.1016/j.curtheres.2019.06.004. eCollection 2019.","Chatsiricharoenkul S","Curr Ther Res Clin Exp","2019","2019/08/03","PMC6658826","","10.1016/j.curtheres.2019.06.004"
"25070094","A replicate designed bioequivalence study to compare two fixed-dose combination products of artesunate and amodiaquine in healthy chinese volunteers","Liu Y, Hu C, Liu G, Jia J, Yu C, Zhu J, Zheng Q, Zhang KE.","Antimicrob Agents Chemother. 2014 Oct;58(10):6009-15. doi: 10.1128/AAC.02617-14. Epub 2014 Jul 28.","Liu Y","Antimicrob Agents Chemother","2014","2014/07/30","PMC4187933","","10.1128/AAC.02617-14"
"39598538","Advancements in Virtual Bioequivalence: A Systematic Review of Computational Methods and Regulatory Perspectives in the Pharmaceutical Industry","Alotaiq N, Dermawan D.","Pharmaceutics. 2024 Nov 3;16(11):1414. doi: 10.3390/pharmaceutics16111414.","Alotaiq N","Pharmaceutics","2024","2024/11/27","PMC11597508","","10.3390/pharmaceutics16111414"
"29403967","Determination of lercanidipine in human plasma by an improved UPLC-MS/MS method for a bioequivalence study","Chaudhary DV, Patel DP, Shah PA, Shah JV, Sanyal M, Shrivastav PS.","J Pharm Anal. 2016 Apr;6(2):87-94. doi: 10.1016/j.jpha.2015.09.001. Epub 2015 Sep 28.","Chaudhary DV","J Pharm Anal","2016","2018/02/07","PMC5762449","","10.1016/j.jpha.2015.09.001"
"27119580","Bioequivalence and comparative pharmacodynamics of insulin lispro 200 U/mL relative to insulin lispro (Humalog®) 100 U/mL","de la Peña A, Seger M, Soon D, Scott AJ, Reddy SR, Dobbins MA, Brown-Augsburger P, Linnebjerg H.","Clin Pharmacol Drug Dev. 2016 Jan;5(1):69-75. doi: 10.1002/cpdd.221. Epub 2015 Oct 5.","de la Peña A","Clin Pharmacol Drug Dev","2016","2016/04/28","PMC5054907","","10.1002/cpdd.221"
"34498388","The bioequivalence of fixed-dose combination tablets of bisoprolol and ramipril and its drug-drug interaction potential","Sus J, Huguet J, Bosak J, Setnik B, Hauser T, Sicard E.","Clin Transl Sci. 2022 Jan;15(1):158-171. doi: 10.1111/cts.13128. Epub 2021 Sep 8.","Sus J","Clin Transl Sci","2022","2021/09/09","PMC8742637","","10.1111/cts.13128"
"33884497","Development of a Pediatric Relative Bioavailability/Bioequivalence Database and Identification of Putative Risk Factors Associated With Evaluation of Pediatric Oral Products","Pawar G, Wu F, Zhao L, Fang L, Burckart GJ, Feng K, Mousa YM, Naumann F, Batchelor HK.","AAPS J. 2021 Apr 21;23(3):57. doi: 10.1208/s12248-021-00592-y.","Pawar G","AAPS J","2021","2021/04/22","PMC8060189","","10.1208/s12248-021-00592-y"
"28442892","Bioequivalence study of a new sildenafil 100 mg orodispersible film compared to the conventional film-coated 100 mg tablet administered to healthy male volunteers","Radicioni M, Castiglioni C, Giori A, Cupone I, Frangione V, Rovati S.","Drug Des Devel Ther. 2017 Apr 11;11:1183-1192. doi: 10.2147/DDDT.S124034. eCollection 2017.","Radicioni M","Drug Des Devel Ther","2017","2017/04/27","PMC5395281","","10.2147/DDDT.S124034"
"27873172","Erratum to: Open Flow Microperfusion as a Dermal Pharmacokinetic Approach to Evaluate Topical Bioequivalence","Bodenlenz M, Tiffner KI, Raml R, Augustin T, Dragatin C, Birngruber T, Schimek D, Schwagerle G, Pieber TR, Raney SG, Kanfer I, Sinner F.","Clin Pharmacokinet. 2017 Jan;56(1):99. doi: 10.1007/s40262-016-0487-z.","Bodenlenz M","Clin Pharmacokinet","2017","2016/11/23","PMC6828129","","10.1007/s40262-016-0487-z"
"31219248","Bioequivalence of Ertugliflozin/Sitagliptin Fixed-Dose Combination Tablets and Coadministration of Respective Strengths of Individual Components","Fediuk DJ, Matschke K, Liang Y, Pelletier KB, Wei H, Shi H, Bass A, Hickman A, Terra SG, Zhou S, Krishna R, Sahasrabudhe V.","Clin Pharmacol Drug Dev. 2019 Oct;8(7):884-894. doi: 10.1002/cpdd.722. Epub 2019 Jun 20.","Fediuk DJ","Clin Pharmacol Drug Dev","2019","2019/06/21","PMC6851892","","10.1002/cpdd.722"
"30536659","Sex-by-formulation interaction in bioequivalence studies: the importance of formulations and experimental conditions","Ibarra M, Vázquez M, Fagiolino P.","Br J Clin Pharmacol. 2019 Apr;85(4):669-671. doi: 10.1111/bcp.13829. Epub 2019 Jan 2.","Ibarra M","Br J Clin Pharmacol","2019","2018/12/12","PMC6422648","","10.1111/bcp.13829"
"36914963","A randomized, double-blind, single-dose study to assess bioequivalence of MB02 biosimilar after manufacturing iteration and reference bevacizumab","Schwabe C, Cole A, Espigares-Correa A, Beydon ME, Florez-Igual A, Queiruga-Parada J.","Pharmacol Res Perspect. 2023 Apr;11(2):e01070. doi: 10.1002/prp2.1070.","Schwabe C","Pharmacol Res Perspect","2023","2023/03/14","PMC10011608","","10.1002/prp2.1070"
"29663947","Making up the difference: ensuring the bioequivalence of fixed-dose combinations for tuberculosis","Velásquez GE, Davies GR, Mitnick CD.","Int J Tuberc Lung Dis. 2018 May 1;22(5):473-474. doi: 10.5588/ijtld.18.0210.","Velásquez GE","Int J Tuberc Lung Dis","2018","2018/04/18","PMC5940349","NIHMS961801","10.5588/ijtld.18.0210"
"26970736","Bioequivalence study between two formulations of ciclosporin A (Cyclavance® oral solution and Atopica® soft capsules) following a single oral administration to dogs","Navarro C, Séguy L, Vila M, Birckel P.","BMC Vet Res. 2016 Mar 12;12:54. doi: 10.1186/s12917-016-0669-9.","Navarro C","BMC Vet Res","2016","2016/03/14","PMC4789266","","10.1186/s12917-016-0669-9"
"29238169","Bioequivalence study of two formulations of flupirtine maleate capsules in healthy male Chinese volunteers under fasting and fed conditions","Liu Y, Huo H, Zhao Z, Hu W, Sun Y, Tang Y.","Drug Des Devel Ther. 2017 Dec 1;11:3441-3448. doi: 10.2147/DDDT.S149913. eCollection 2017.","Liu Y","Drug Des Devel Ther","2017","2017/12/15","PMC5716300","","10.2147/DDDT.S149913"
"36264446","Chinese- and French-Manufactured Immediate-Release Glucophage(®) Bioequivalence: A Randomized, Open-Label, Crossover Study","Hu C, Gao D, Li D, Zhou D, Zhang L.","Drugs R D. 2022 Dec;22(4):301-309. doi: 10.1007/s40268-022-00405-3. Epub 2022 Oct 20.","Hu C","Drugs R D","2022","2022/10/20","PMC9700552","","10.1007/s40268-022-00405-3"
"38126222","Clinical benefits and bioequivalence of vortioxetine oral drop solution versus oral tablets","Fagiolini A, Adair M, Buchberg Petersen K, Areberg J, Christensen MC.","J Psychopharmacol. 2024 Feb;38(2):156-161. doi: 10.1177/02698811231216320. Epub 2023 Dec 21.","Fagiolini A","J Psychopharmacol","2024","2023/12/21","PMC11100270","","10.1177/02698811231216320"
"30693811","Short Communication: Bioequivalence of Tenofovir Component of Tenofovir/Rilpivirine/Emtricitabine in Digital Pills","Chai PR, Pereira LM, Jambaulikar GD, Carrico AW, O'Cleirigh C, Mayer KH, Boyer EW.","AIDS Res Hum Retroviruses. 2019 Apr;35(4):361-363. doi: 10.1089/AID.2018.0073. Epub 2019 Mar 13.","Chai PR","AIDS Res Hum Retroviruses","2019","2019/01/30","PMC6461305","","10.1089/AID.2018.0073"
"32104318","Virtual population pharmacokinetic using physiologically based pharmacokinetic model for evaluating bioequivalence of oral lacidipine formulations in dogs","Yang B, Wu C, Ji B, Wu M, He Z, Shang L, Sun J.","Asian J Pharm Sci. 2017 Jan;12(1):98-104. doi: 10.1016/j.ajps.2016.03.003. Epub 2016 Mar 21.","Yang B","Asian J Pharm Sci","2017","2020/02/28","PMC7032150","","10.1016/j.ajps.2016.03.003"
"19455428","An investigation into the importance of ""very rapid dissolution"" criteria for drug bioequivalence demonstration using gastrointestinal simulation technology","Kovacevi I, Parojci J, Tubi-Grozdanis M, Langguth P.","AAPS J. 2009 Jun;11(2):381-4. doi: 10.1208/s12248-009-9114-3. Epub 2009 May 20.","Kovacevi I","AAPS J","2009","2009/05/21","PMC2691474","","10.1208/s12248-009-9114-3"
"28516342","Pharmacokinetic Bioequivalence Studies of an Extended-Release Oxycodone Hydrochloride Tablet in Healthy Japanese Subjects Under Fasting and Fed Conditions Without an Opioid Antagonist","Toyama K, Furuie H, Kuroda K, Ishizuka H.","Drugs R D. 2017 Sep;17(3):363-370. doi: 10.1007/s40268-017-0184-x.","Toyama K","Drugs R D","2017","2017/05/19","PMC5629125","","10.1007/s40268-017-0184-x"
"37346839","Pilot study: bioequivalence of dihydroartemisinin in dihydroartemisinin-piperaquine tablet generic formulation in healthy Indonesian volunteers","Isnawati A, Gitawati R, Alegantina S, Setyorini HA.","Nagoya J Med Sci. 2023 May;85(2):265-274. doi: 10.18999/nagjms.85.2.265.","Isnawati A","Nagoya J Med Sci","2023","2023/06/22","PMC10281847","","10.18999/nagjms.85.2.265"
"2589846","Bioequivalence assessment of zidovudine (Retrovir) syrup, solution, and capsule formulations in patients infected with human immunodeficiency virus","Drew RH, Weller S, Gallis HA, Walmer KA, Bartlett JA, Blum MR.","Antimicrob Agents Chemother. 1989 Oct;33(10):1801-3. doi: 10.1128/AAC.33.10.1801.","Drew RH","Antimicrob Agents Chemother","1989","1989/10/01","PMC172758","","10.1128/AAC.33.10.1801"
"35403832","A Pharmacokinetic Bioequivalence Study Comparing Different-Strength and -Size Capsules of Isavuconazonium Sulfate in Healthy Japanese Subjects","Shirae S, Mori Y, Kozaki T, Ose A, Hasegawa S.","Clin Pharmacol Drug Dev. 2022 Sep;11(9):1092-1098. doi: 10.1002/cpdd.1101. Epub 2022 Apr 11.","Shirae S","Clin Pharmacol Drug Dev","2022","2022/04/11","PMC9541682","","10.1002/cpdd.1101"
"24854895","Statistical comparison of dissolution profiles to predict the bioequivalence of extended release formulations","Gomez-Mantilla JD, Schaefer UF, Casabo VG, Lehr T, Lehr CM.","AAPS J. 2014 Jul;16(4):791-801. doi: 10.1208/s12248-014-9615-6. Epub 2014 May 23.","Gomez-Mantilla JD","AAPS J","2014","2014/05/24","PMC4070268","","10.1208/s12248-014-9615-6"
"32618438","The Bioequivalence of Two Peficitinib Formulations, and the Effect of Food on the Pharmacokinetics of Peficitinib: Two-Way Crossover Studies of a Single Dose of 150 mg Peficitinib in Healthy Volunteers","Shibata M, Toyoshima J, Kaneko Y, Oda K, Kiyota T, Kambayashi A, Nishimura T.","Clin Pharmacol Drug Dev. 2021 Mar;10(3):283-290. doi: 10.1002/cpdd.843. Epub 2020 Jul 3.","Shibata M","Clin Pharmacol Drug Dev","2021","2020/07/04","PMC7984322","","10.1002/cpdd.843"
"36737825","Pharmacokinetics and bioequivalence of Ezetimibe tablet versus Ezetrol®:an open-label, randomized, two-sequence crossover study in healthy Chinese subjects","Sun F, Liu Y, Li T, Lin P, Jiang X, Li X, Wang C, Gao X, Ma Y, Fu Y, Cao Y.","BMC Pharmacol Toxicol. 2023 Feb 3;24(1):7. doi: 10.1186/s40360-023-00649-y.","Sun F","BMC Pharmacol Toxicol","2023","2023/02/04","PMC9896679","","10.1186/s40360-023-00649-y"
"35303757","Trapezoid bioequivalence: A rational bioavailability evaluation approach on account of the pharmaceutical-driven balance of population average and variability","Soufsaf S, Nekka F, Li J.","CPT Pharmacometrics Syst Pharmacol. 2022 Apr;11(4):482-493. doi: 10.1002/psp4.12775. Epub 2022 Mar 18.","Soufsaf S","CPT Pharmacometrics Syst Pharmacol","2022","2022/03/18","PMC9007608","","10.1002/psp4.12775"
"36756902","Increasing impact of quantitative methods and modeling in establishment of bioequivalence and characterization of drug delivery","Yoon M, Babiskin A, Hu M, Wu F, Raney SG, Fang L, Zhao L.","CPT Pharmacometrics Syst Pharmacol. 2023 May;12(5):552-555. doi: 10.1002/psp4.12930. Epub 2023 Feb 9.","Yoon M","CPT Pharmacometrics Syst Pharmacol","2023","2023/02/09","PMC10196404","","10.1002/psp4.12930"
"38955999","Topical Semisolid Drug Product Critical Quality Attributes with Relevance to Cutaneous Bioavailability and Pharmacokinetics: Part I-Bioequivalence of Acyclovir Topical Creams","Mohammed YH, Namjoshi SN, Jung N, Windbergs M, Benson HAE, Grice JE, Raney SG, Roberts MS.","Pharm Res. 2024 Jul;41(7):1507-1520. doi: 10.1007/s11095-024-03736-9. Epub 2024 Jul 2.","Mohammed YH","Pharm Res","2024","2024/07/02","PMC11263457","","10.1007/s11095-024-03736-9"
"38586120","Comparison of the pharmacokinetic characteristics and bioequivalence between two nanosuspension formulations of megestrol acetate in healthy Korean male subjects","Park SR, Hwang JG, Jeong SI, Choi YS, Min HJ, Kim HY, Choi BH, Park MK.","Transl Clin Pharmacol. 2024 Mar;32(1):63-72. doi: 10.12793/tcp.2024.32.e6. Epub 2024 Mar 26.","Park SR","Transl Clin Pharmacol","2024","2024/04/08","PMC10990730","","10.12793/tcp.2024.32.e6"
"21858184","Quality of reporting of bioequivalence trials comparing generic to brand name drugs: a methodological systematic review","van der Meersch A, Dechartres A, Ravaud P.","PLoS One. 2011;6(8):e23611. doi: 10.1371/journal.pone.0023611. Epub 2011 Aug 17.","van der Meersch A","PLoS One","2011","2011/08/23","PMC3157430","","10.1371/journal.pone.0023611"
"40910749","Mass spectrometry for clinical bioanalysis without chromatographic separation: bioequivalence for bupropion and its metabolites","Zhang J, Faustino PJ.","Bioanalysis. 2025 Sep;17(18):1133-1143. doi: 10.1080/17576180.2025.2557187. Epub 2025 Sep 5.","Zhang J","Bioanalysis","2025","2025/09/05","PMC12536770","","10.1080/17576180.2025.2557187"
"40444644","Bioequivalence of a Donepezil/Memantine 10/20 mg Fixed-Dose Combination Versus Single-Component Tablets in Healthy Korean Males","Choi M, Jin BH, Keum DH, Mo KH, Park MS, Lee J, Park S, Kim CO.","Clin Pharmacol Drug Dev. 2025 Sep;14(9):710-716. doi: 10.1002/cpdd.1556. Epub 2025 May 30.","Choi M","Clin Pharmacol Drug Dev","2025","2025/05/30","PMC12402880","","10.1002/cpdd.1556"
"18726698","Evaluation of a scaling approach for the bioequivalence of highly variable drugs","Haidar SH, Makhlouf F, Schuirmann DJ, Hyslop T, Davit B, Conner D, Yu LX.","AAPS J. 2008 Sep;10(3):450-4. doi: 10.1208/s12248-008-9053-4. Epub 2008 Aug 26.","Haidar SH","AAPS J","2008","2008/08/30","PMC2761698","","10.1208/s12248-008-9053-4"
"19707043","Use of excised human skin to assess the bioequivalence of topical products","Franz TJ, Lehman PA, Raney SG.","Skin Pharmacol Physiol. 2009;22(5):276-86. doi: 10.1159/000235828. Epub 2009 Aug 26.","Franz TJ","Skin Pharmacol Physiol","2009","2009/08/27","PMC2790798","","10.1159/000235828"
"25250173","Bioequivalence of two formulations of montelukast sodium 4 mg oral granules in healthy adults","Fey C, Thyroff-Friesinger U, Jones S.","Clin Transl Allergy. 2014 Sep 18;4:29. doi: 10.1186/2045-7022-4-29. eCollection 2014.","Fey C","Clin Transl Allergy","2014","2014/09/25","PMC4172315","","10.1186/2045-7022-4-29"
"","Bioequivalence of Two Intravenous Artesunate Products with Its Active Metabolite Following Single and Multiple Injections","Li Q, Xie L, Melendez V, Weina P.","Pharmaceuticals (Basel). 2011 Jan 7;4(1):138-53. doi: 10.3390/ph4010138. eCollection 2011 Jan.","Li Q","Pharmaceuticals (Basel)","2011","","PMC4052546","","10.3390/ph4010138"
"33955162","Bioequivalence Study of Oral Suspension and Intravenous Formulation of Edaravone in Healthy Adult Subjects","Shimizu H, Nishimura Y, Shiide Y, Yoshida K, Hirai M, Matsuda M, Nakamaru Y, Kato Y, Kondo K.","Clin Pharmacol Drug Dev. 2021 Oct;10(10):1188-1197. doi: 10.1002/cpdd.952. Epub 2021 May 6.","Shimizu H","Clin Pharmacol Drug Dev","2021","2021/05/06","PMC8518908","","10.1002/cpdd.952"
"39587445","Applying the estimand framework to clinical pharmacology trials with a case study in bioequivalence","Lynggaard H, McKendrick S, Baird M, Kerwash E, Lanius V, Lasch F, Wright D.","Br J Clin Pharmacol. 2025 Feb;91(2):310-324. doi: 10.1111/bcp.16347. Epub 2024 Nov 25.","Lynggaard H","Br J Clin Pharmacol","2025","2024/11/26","PMC11773105","","10.1111/bcp.16347"
"31841106","Bioequivalence of two tacrolimus 1-mg formulations under fasting conditions in healthy subjects: A randomized, two-period crossover trial ","Mohanty L, Bhushan S, Rüttger B.","Int J Clin Pharmacol Ther. 2020 Mar;58(3):183-193. doi: 10.5414/CP203534.","Mohanty L","Int J Clin Pharmacol Ther","2020","2019/12/17","PMC7041308","","10.5414/CP203534"
"36597353","Regulatory utility of physiologically based pharmacokinetic modeling for assessing food impact in bioequivalence studies: A workshop summary report","Al Shoyaib A, Riedmaier AE, Kumar A, Roy P, Parrott NJ, Fang L, Tampal N, Yang Y, Jereb R, Zhao L, Wu F.","CPT Pharmacometrics Syst Pharmacol. 2023 May;12(5):610-618. doi: 10.1002/psp4.12913. Epub 2023 Jan 16.","Al Shoyaib A","CPT Pharmacometrics Syst Pharmacol","2023","2023/01/04","PMC10196427","","10.1002/psp4.12913"
"32285955","A mechanistic pharmacokinetic model with drug and antidrug antibody interplay, and its application for assessing the impact of immunogenicity response on bioequivalence testing","Liao KH, Udata C, Yin D, Sewell KL, Kantaridis C, Alvarez DF, Meng X.","Br J Clin Pharmacol. 2020 Nov;86(11):2182-2191. doi: 10.1111/bcp.14312. Epub 2020 May 11.","Liao KH","Br J Clin Pharmacol","2020","2020/04/15","PMC7576624","","10.1111/bcp.14312"
"26089798","Pharmacokinetic studies for proving bioequivalence of orally inhaled drug products-critical issues and concepts","Thakkar K, Mhatre S, Jadhav M, Goswami S, Shah R.","Front Pharmacol. 2015 Jun 3;6:117. doi: 10.3389/fphar.2015.00117. eCollection 2015.","Thakkar K","Front Pharmacol","2015","2015/06/20","PMC4452802","","10.3389/fphar.2015.00117"
"37936786","Bioequivalence assessment of two Ticagrelor formulations under fasting condition in healthy Pakistani subjects","Hashmi N, Jawaid M, Shah MR.","Pak J Med Sci. 2023 Nov-Dec;39(6):1647-1651. doi: 10.12669/pjms.39.6.8203.","Hashmi N","Pak J Med Sci","2023","2023/11/08","PMC10626117","","10.12669/pjms.39.6.8203"
"22976173","Use of partial area under the curve metrics to assess bioequivalence of methylphenidate multiphasic modified release formulations","Stier EM, Davit BM, Chandaroy P, Chen ML, Fourie-Zirkelbach J, Jackson A, Kim S, Lionberger R, Mehta M, Uppoor RS, Wang Y, Yu L, Conner DP.","AAPS J. 2012 Dec;14(4):925-6. doi: 10.1208/s12248-012-9397-7. Epub 2012 Sep 14.","Stier EM","AAPS J","2012","2012/09/15","PMC3475859","","10.1208/s12248-012-9397-7"
"40718445","Pharmacokinetics and Bioequivalence of Two Formulations of Apixaban Tablets: A Double-Blind, Single-Dose, Crossover Study in Healthy Subjects","Abdollahizad E, Haeri A, Jouyban A, Afshar Mogaddam MR, Abbasian Z, Dadashzadeh S.","Iran J Pharm Res. 2025 Apr 3;24(1):e157714. doi: 10.5812/ijpr-157714. eCollection 2025 Jan-Dec.","Abdollahizad E","Iran J Pharm Res","2025","2025/07/28","PMC12296649","","10.5812/ijpr-157714"
"24010572","Evaluation of two novel tablet formulations of artemether-lumefantrine (Coartem) for bioequivalence in a randomized, open-label, two-period study","Lefèvre G, Bhad P, Jain JP, Kalluri S, Cheng Y, Dave H, Stein DS.","Malar J. 2013 Sep 8;12:312. doi: 10.1186/1475-2875-12-312.","Lefèvre G","Malar J","2013","2013/09/10","PMC3847113","","10.1186/1475-2875-12-312"
"39467943","Bioequivalence Analysis of Ondansetron Hydrochloride Tablets in Healthy Chinese Subjects: A Randomized, Open-Label, Two-Period Crossover Phase I Study","Jia C, Zhao N, Song H, Hu Y, Xu Y, Guo C, Bai W, Dong Z.","Drugs R D. 2024 Dec;24(4):531-538. doi: 10.1007/s40268-024-00493-3. Epub 2024 Oct 29.","Jia C","Drugs R D","2024","2024/10/29","PMC11652556","","10.1007/s40268-024-00493-3"
"34624174","Bioequivalence and food effect of a fixed-dose combination of macitentan and tadalafil: Adaptive design in the COVID-19 pandemic","Csonka D, Fishman V, Natarajan J, Stieltjes H, Armas D, Dishy V, Perez Ruixo JJ.","Pharmacol Res Perspect. 2021 Oct;9(5):e00846. doi: 10.1002/prp2.846.","Csonka D","Pharmacol Res Perspect","2021","2021/10/08","PMC8500343","","10.1002/prp2.846"
"38414087","Pharmacokinetics and bioequivalence evaluation of two oral formulations of cotrimoxazole tablets in healthy Chinese volunteers under fasting conditions","Zuo X, Zhao X, Shi J, Zhang T.","BMC Pharmacol Toxicol. 2024 Feb 27;25(1):23. doi: 10.1186/s40360-024-00743-9.","Zuo X","BMC Pharmacol Toxicol","2024","2024/02/28","PMC10900551","","10.1186/s40360-024-00743-9"
"35996199","Efficacy, safety and bioequivalence of the human-derived B-domain-deleted recombinant factor VIII TQG202 for prophylaxis in severe haemophilia A patients","Xi Y, Jin C, Liu W, Zhou H, Wang Z, Zhou R, Lou S, Zhao X, Chen F, Cheng P, Sun Z, Jia H, Zhang L.","Haemophilia. 2022 Nov;28(6):e219-e227. doi: 10.1111/hae.14652. Epub 2022 Aug 22.","Xi Y","Haemophilia","2022","2022/08/22","PMC9805152","","10.1111/hae.14652"
"29535504","Bioequivalence of HTX-019 (aprepitant IV) and fosaprepitant in healthy subjects: a Phase I, open-label, randomized, two-way crossover evaluation","Ottoboni T, Keller MR, Cravets M, Clendeninn N, Quart B.","Drug Des Devel Ther. 2018 Mar 1;12:429-435. doi: 10.2147/DDDT.S155875. eCollection 2018.","Ottoboni T","Drug Des Devel Ther","2018","2018/03/15","PMC5837372","","10.2147/DDDT.S155875"
"28695267","Impact of an alternative steroid on the relative bioavailability and bioequivalence of a novel versus the originator formulation of abiraterone acetate","Hussaini A, Olszanski AJ, Stein CA, Bosch B, Nemeth P.","Cancer Chemother Pharmacol. 2017 Sep;80(3):479-486. doi: 10.1007/s00280-017-3360-3. Epub 2017 Jul 10.","Hussaini A","Cancer Chemother Pharmacol","2017","2017/07/12","PMC5573754","","10.1007/s00280-017-3360-3"
"37077814","Factors influencing bioequivalence evaluation of insulin biosimilars based on a structural equation model","Shao H, Tao Y, Tang C.","Front Pharmacol. 2023 Apr 3;14:1143928. doi: 10.3389/fphar.2023.1143928. eCollection 2023.","Shao H","Front Pharmacol","2023","2023/04/20","PMC10106704","","10.3389/fphar.2023.1143928"
"30952111","Emergency treatment of adrenal crisis with prednisone suppositories: a bioequivalence study in female patients with Addison's disease","Burger-Stritt S, Bachmann L, Kurlbaum M, Hahner S.","Endocr Connect. 2019 Apr 1;8(4):425-434. doi: 10.1530/EC-19-0024.","Burger-Stritt S","Endocr Connect","2019","2019/04/06","PMC6454300","","10.1530/EC-19-0024"
"29135980","Bioequivalence of twice-daily oral tacrolimus in transplant recipients: More evidence for consensus?","Ball S.","PLoS Med. 2017 Nov 14;14(11):e1002429. doi: 10.1371/journal.pmed.1002429. eCollection 2017 Nov.","Ball S","PLoS Med","2017","2017/11/15","PMC5685474","","10.1371/journal.pmed.1002429"
"30643391","Bioequivalence of two quetiapine extended release tablets in Chinese healthy volunteers under fasting and fed conditions and effects of food on pharmacokinetic profiles","Huang X, Zhang S, Ma Y, Yang H, He C, Tian R, Mei H, Liu L, Zhang B.","Drug Des Devel Ther. 2018 Dec 31;13:255-264. doi: 10.2147/DDDT.S182965. eCollection 2019.","Huang X","Drug Des Devel Ther","2018","2019/01/16","PMC6319427","","10.2147/DDDT.S182965"
"26082611","Bioequivalence evaluation of two amlodipine salts, besylate and orotate, each in a fixed-dose combination with olmesartan in healthy subjects","Lee SY, Kim JR, Jung JA, Huh W, Bahng MY, Ko JW.","Drug Des Devel Ther. 2015 Jun 2;9:2811-7. doi: 10.2147/DDDT.S82820. eCollection 2015.","Lee SY","Drug Des Devel Ther","2015","2015/06/18","PMC4459635","","10.2147/DDDT.S82820"
"34609078","The use of GA-RxODE (Genetics Algorithms and Running simulations from Ordinary Differential Equations-based model) method to optimize bioequivalence studies","Nuske EO, Morozov M, Alejandro Serra H.","Pharmacol Res Perspect. 2021 Oct;9(5):e00824. doi: 10.1002/prp2.824.","Nuske EO","Pharmacol Res Perspect","2021","2021/10/05","PMC8491459","","10.1002/prp2.824"
"33262577","Comparison of Bioavailability and Bioequivalence of Generic and Brand Name Formulations of Escitalopram Oxalate Tablets in Healthy Chinese Population Under Fasting and Fed Conditions","Li Q, Huo H, Hu W, Sui Y, Tang Y.","Drug Des Devel Ther. 2020 Nov 24;14:5167-5177. doi: 10.2147/DDDT.S271970. eCollection 2020.","Li Q","Drug Des Devel Ther","2020","2020/12/02","PMC7699441","","10.2147/DDDT.S271970"
"32250021","A Single-Dose, Open-Label, Randomized, Two-Way Crossover Study in Healthy Japanese Participants to Evaluate the Bioequivalence and the Food Effect on the Pharmacokinetics of Daprodustat","Yamada M, Osamura M, Ogura H, Onoue T, Wakamatsu A, Numachi Y, Caltabiano S, Mahar KM.","Clin Pharmacol Drug Dev. 2020 Nov;9(8):978-984. doi: 10.1002/cpdd.793. Epub 2020 Apr 6.","Yamada M","Clin Pharmacol Drug Dev","2020","2020/04/07","PMC7687240","","10.1002/cpdd.793"
"23686396","Bioequivalence for locally acting nasal spray and nasal aerosol products: standard development and generic approval","Li BV, Jin F, Lee SL, Bai T, Chowdhury B, Caramenico HT, Conner DP.","AAPS J. 2013 Jul;15(3):875-83. doi: 10.1208/s12248-013-9494-2. Epub 2013 May 18.","Li BV","AAPS J","2013","2013/05/21","PMC3691440","","10.1208/s12248-013-9494-2"
"39838193","A multicenter, randomized, open label, two formulation, crossover bioequivalence trial of doxorubicin hydrochloride liposomal injection in Chinese patients with metastatic breast cancer","Wang J, Lai X, Yao H, Yang H, Cao X, Wang X, Wang Y, Nian W, Zheng X, Mai Q, Liu A, Lv X, Bi X, Chen J, Wu J, Ye S.","J Cancer Res Clin Oncol. 2025 Jan 22;151(1):41. doi: 10.1007/s00432-025-06086-0.","Wang J","J Cancer Res Clin Oncol","2025","2025/01/21","PMC11750939","","10.1007/s00432-025-06086-0"
"34410557","Performance of Multiple-Batch Approaches to Pharmacokinetic Bioequivalence Testing for Orally Inhaled Drug Products with Batch-to-Batch Variability","Burmeister Getz E, Carroll KJ, Christopher JD, Morgan B, Haughie S, Cavecchi A, Wiggenhorn C, Beresford H, Strickland H, Lyapustina S.","AAPS PharmSciTech. 2021 Aug 19;22(7):225. doi: 10.1208/s12249-021-02063-1.","Burmeister Getz E","AAPS PharmSciTech","2021","2021/08/19","PMC8376725","","10.1208/s12249-021-02063-1"
"40842412","A Randomized, Open-Label, Single-Dose, Parallel-Group Bioequivalence Study of Ferric Carboxymaltose Injection Under Fasting Conditions in Chinese Adult Subjects With Iron Deficiency Anemia","Gong F, Hu S, Yuan J, Song J.","Pharmacol Res Perspect. 2025 Oct;13(5):e70137. doi: 10.1002/prp2.70137.","Gong F","Pharmacol Res Perspect","2025","2025/08/22","PMC12371256","","10.1002/prp2.70137"
"35411692","Quantitative methods and modeling to assess COVID-19-interrupted in vivo pharmacokinetic bioequivalence studies with two reference batches","Gong Y, Feng K, Zhang P, Lee J, Pan Y, Zhang Z, Ni Z, Bai T, Yoon M, Li B, Kim CY, Fang L, Zhao L.","CPT Pharmacometrics Syst Pharmacol. 2022 Jul;11(7):833-842. doi: 10.1002/psp4.12795. Epub 2022 Apr 20.","Gong Y","CPT Pharmacometrics Syst Pharmacol","2022","2022/04/12","PMC9111087","","10.1002/psp4.12795"
"32196954","Levocetirizine Oral Disintegrating Tablet: A Randomized Open-Label Crossover Bioequivalence Study in Healthy Japanese Volunteers","Ino H, Shiramoto M, Eto T, Haranaka M, Irie S, Terao T, Ogura H, Wakamatsu A, Hoyano K, Nakano A.","Clin Pharmacol Drug Dev. 2020 Oct;9(7):805-812. doi: 10.1002/cpdd.791. Epub 2020 Mar 20.","Ino H","Clin Pharmacol Drug Dev","2020","2020/03/21","PMC7586835","","10.1002/cpdd.791"
"28050196","A Bioequivalence Test by the Direct Comparison of Concentration-versus-Time Curves Using Local Polynomial Smoothers","Tian S, Chang HH, Orange D, Gu J, Suárez-Fariñas M.","Comput Math Methods Med. 2016;2016:4680642. doi: 10.1155/2016/4680642. Epub 2016 Dec 5.","Tian S","Comput Math Methods Med","2016","2017/01/05","PMC5165228","","10.1155/2016/4680642"
"26207129","Bioequivalence of Generic and Brand Name Clozapine in Korean Schizophrenic Patients: A Randomized, Two-Period, Crossover Study","Woo YS, Wang HR, Yoon BH, Lee SY, Lee KH, Seo JS, Bahk WM.","Psychiatry Investig. 2015 Jul;12(3):356-60. doi: 10.4306/pi.2015.12.3.356. Epub 2015 Jul 6.","Woo YS","Psychiatry Investig","2015","2015/07/25","PMC4504918","","10.4306/pi.2015.12.3.356"
"39912659","Pharmacokinetics and bioequivalence of a molnupiravir tablet formulation compared with the molnupiravir capsule formulation in healthy adult participants-a randomized, open-label, three-period, crossover study","Fiore JL, Jin Y, Heimbach T, Patel SR, Zhao T, Matthews CZ, Pagnussat S, Maas BM, Cheng MH, Stoch SA.","Antimicrob Agents Chemother. 2025 Mar 5;69(3):e0143424. doi: 10.1128/aac.01434-24. Epub 2025 Feb 6.","Fiore JL","Antimicrob Agents Chemother","2025","2025/02/06","PMC11881578","","10.1128/aac.01434-24"
"27274002","Relative Bioavailability and Bioequivalence of Brivaracetam 10 mg/mL Oral Solution and 50-mg Film-Coated Tablet","Otoul C, Watanabe S, McCabe S, Stockis A.","Clin Pharmacol Drug Dev. 2017 May;6(3):313-317. doi: 10.1002/cpdd.275. Epub 2016 Jun 28.","Otoul C","Clin Pharmacol Drug Dev","2017","2016/06/09","PMC6093258","","10.1002/cpdd.275"
"28571121","Mechanistic Oral Absorption Modeling and Simulation for Formulation Development and Bioequivalence Evaluation: Report of an FDA Public Workshop","Zhang X, Duan J, Kesisoglou F, Novakovic J, Amidon GL, Jamei M, Lukacova V, Eissing T, Tsakalozou E, Zhao L, Lionberger R.","CPT Pharmacometrics Syst Pharmacol. 2017 Aug;6(8):492-495. doi: 10.1002/psp4.12204. Epub 2017 Jul 11.","Zhang X","CPT Pharmacometrics Syst Pharmacol","2017","2017/06/02","PMC5572334","","10.1002/psp4.12204"
"37012461","Pharmacokinetics and Bioequivalence of Abiraterone Acetate Tablets in Healthy Chinese Volunteers: An Open, Randomized, Single-Dose, Three-Period, Three-Sequence Crossover Study","Wu ZX, Wang CJ, Shi P, Liu YP, Li T, Sun FF, Fu Y, Gao XM, Ma YP, Cao Y.","Drugs R D. 2023 Jun;23(2):121-127. doi: 10.1007/s40268-023-00418-6. Epub 2023 Apr 3.","Wu ZX","Drugs R D","2023","2023/04/03","PMC10293147","","10.1007/s40268-023-00418-6"
"3255916","A novel means of comparing the bioequivalence of two formulations of tripotassium dicitrato bismuthate (De-Noltab)","Coghill SB, Shepherd AN.","Postgrad Med J. 1988 Oct;64(756):761-3. doi: 10.1136/pgmj.64.756.761.","Coghill SB","Postgrad Med J","1988","1988/10/01","PMC2429014","","10.1136/pgmj.64.756.761"
"25488055","Reference datasets for bioequivalence trials in a two-group parallel design","Fuglsang A, Schütz H, Labes D.","AAPS J. 2015 Mar;17(2):400-4. doi: 10.1208/s12248-014-9704-6. Epub 2014 Dec 9.","Fuglsang A","AAPS J","2015","2014/12/10","PMC4365103","","10.1208/s12248-014-9704-6"
"32104409","Development and bioequivalence study of potassium chloride extended release tablets","Le Thi TV, Le Quan N, Le H.","Asian J Pharm Sci. 2018 Jul;13(4):353-359. doi: 10.1016/j.ajps.2017.05.010. Epub 2017 Oct 23.","Le Thi TV","Asian J Pharm Sci","2018","2020/02/28","PMC7032226","","10.1016/j.ajps.2017.05.010"
"36422808","Levothyroxine Bioequivalence Study and Its Narrow Therapeutic Index: Comparative Bioavailability Results Between Two Formulations Available in Latin America","Bertoncini CW, Palacios MJC, Fritz MC, Rodriguez MP, Acevedo C, Hunzicker GA, Dominguez MC, Arbeláez I.","Adv Ther. 2023 Apr;40(4):1644-1654. doi: 10.1007/s12325-022-02352-6. Epub 2022 Nov 24.","Bertoncini CW","Adv Ther","2023","2022/11/24","PMC10070282","","10.1007/s12325-022-02352-6"
"25732246","Pilot and Repeat Trials as Development Tools Associated with Demonstration of Bioequivalence","Fuglsang A.","AAPS J. 2015 May;17(3):678-83. doi: 10.1208/s12248-015-9744-6. Epub 2015 Mar 4.","Fuglsang A","AAPS J","2015","2015/03/04","PMC4406973","","10.1208/s12248-015-9744-6"
"36559059","Exploring a Bioequivalence Failure for Silodosin Products Due to Disintegrant Excipients","González-Álvarez I, Sánchez-Dengra B, Rodriguez-Galvez R, Ruiz-Picazo A, González-Álvarez M, García-Arieta A, Bermejo M.","Pharmaceutics. 2022 Nov 23;14(12):2565. doi: 10.3390/pharmaceutics14122565.","González-Álvarez I","Pharmaceutics","2022","2022/12/23","PMC9783061","","10.3390/pharmaceutics14122565"
"31141565","The implementation of the bioequivalence certification policy in Chile: An analysis of market authorization data","Kaplan WA, Cárdenas J, Mansilla C, Tobar T, Wirtz VJ.","PLoS One. 2019 May 29;14(5):e0217334. doi: 10.1371/journal.pone.0217334. eCollection 2019.","Kaplan WA","PLoS One","2019","2019/05/30","PMC6541293","","10.1371/journal.pone.0217334"
"39458581","Buprenorphine Transdermal Delivery System: Bioequivalence Assessment and Adhesion Performance of Two Patch Formulations","Davanço MG, Fortuny M, Scasso A, Meulman J, Costa F, da Silva TM, Vianna DRB, Teixeira LS, Bellorio KB, Sampaio ACC, Vespasiano CFP.","Pharmaceutics. 2024 Sep 26;16(10):1249. doi: 10.3390/pharmaceutics16101249.","Davanço MG","Pharmaceutics","2024","2024/10/26","PMC11510105","","10.3390/pharmaceutics16101249"
"26865926","Comparative pharmacokinetic evaluation and bioequivalence study of three different formulations of Imatinib Mesylate in CML patients","Mohajeri E, Kalantari-Khandani B, Pardakhty A, Safavi M, Ansari M.","Int J Hematol Oncol Stem Cell Res. 2015 Oct 1;9(4):165-72.","Mohajeri E","Int J Hematol Oncol Stem Cell Res","2015","2016/02/12","PMC4748686","",""
"29726096","Design and inference for 3-stage bioequivalence testing with serial sampling data","Yan F, Zhu H, Liu J, Jiang L, Huang X.","Pharm Stat. 2018 Sep;17(5):458-476. doi: 10.1002/pst.1865. Epub 2018 May 3.","Yan F","Pharm Stat","2018","2018/05/05","PMC6146059","NIHMS958021","10.1002/pst.1865"
"35324869","Preliminary Bioequivalence of an Oral Pimobendan Solution Formulation with Reference Solution Formulation in Beagle Dogs","Saengklub N, Boonyarattanasoonthorn T, Kijtawornrat A, Chantasart D.","Vet Sci. 2022 Mar 17;9(3):141. doi: 10.3390/vetsci9030141.","Saengklub N","Vet Sci","2022","2022/03/24","PMC8955067","","10.3390/vetsci9030141"
"24353425","Sampling times and genotyping concerns in bioequivalence evaluation of branded and generic formulations","Zhao XY, Xu HM, Zhou Q.","Ther Clin Risk Manag. 2013;9:463-8. doi: 10.2147/TCRM.S54607. Epub 2013 Nov 25.","Zhao XY","Ther Clin Risk Manag","2013","2013/12/20","PMC3849151","","10.2147/TCRM.S54607"
"40650795","A Bioequivalence Study of Recombinant Human Follicle-Stimulating Hormone Injection Versus Recombinant Human Follitropin For Injection in Healthy Chinese Adult Women","Zhang J, Zhang M, Xue W, Zha Y, Jin S, Luo T, Ding Y, Gao W, Ding X, Zhu X.","Drugs R D. 2025 Sep;25(3):241-252. doi: 10.1007/s40268-025-00513-w. Epub 2025 Jul 12.","Zhang J","Drugs R D","2025","2025/07/12","PMC12460200","","10.1007/s40268-025-00513-w"
"19718312","Bioequivalence study of cyclosporine in renal transplant recipients","Gautam G.","Indian J Urol. 2007 Oct;23(4):481. doi: 10.4103/0970-1591.36730.","Gautam G","Indian J Urol","2007","2009/09/01","PMC2721587","","10.4103/0970-1591.36730"
"25284925","Pharmacogenetic selection of volunteers increases stringency of bioequivalence studies; the case of clopidogrel","Garcés-Eisele J, Ruiz-Argüelles A, Estrada-Marín L, Reyes-Núñez V, Vázquez-Pérez R, Guzmán-García O, Coutiño-Medina R, Acosta-Sandria L, Cedillo-Carvallo B.","Indian J Pharm Sci. 2014 Jul;76(4):281-6.","Garcés-Eisele J","Indian J Pharm Sci","2014","2014/10/07","PMC4171864","",""
"25212768","Reference datasets for 2-treatment, 2-sequence, 2-period bioequivalence studies","Schütz H, Labes D, Fuglsang A.","AAPS J. 2014 Nov;16(6):1292-7. doi: 10.1208/s12248-014-9661-0. Epub 2014 Sep 12.","Schütz H","AAPS J","2014","2014/09/13","PMC4389751","","10.1208/s12248-014-9661-0"
"31835294","Investigation to Explain Bioequivalence Failure in Pravastatin Immediate-Release Products","Ruiz-Picazo A, Colón-Useche S, Perez-Amorós B, González-Álvarez M, Molina-Martínez I, González-Álvarez I, García-Arieta A, Bermejo M.","Pharmaceutics. 2019 Dec 9;11(12):663. doi: 10.3390/pharmaceutics11120663.","Ruiz-Picazo A","Pharmaceutics","2019","2019/12/15","PMC6956045","","10.3390/pharmaceutics11120663"
"34832883","Model-Based Approach for Designing an Efficient Bioequivalence Study for Highly Variable Drugs","Song E, Lee W, Kim BH.","Pharmaceuticals (Basel). 2021 Oct 28;14(11):1101. doi: 10.3390/ph14111101.","Song E","Pharmaceuticals (Basel)","2021","2021/11/27","PMC8624447","","10.3390/ph14111101"
"23054974","Common reasons for ""for-cause"" inspections in bioequivalence studies submitted to the Food and Drug Administration","Li BV, Davit BM, Lee CH, Pabba SK, Mahadevan C, Caramenico HT, Haidar SH, Sanchez AL, Sigler AW, Stier EM, Conner DP.","AAPS J. 2013 Jan;15(1):10-4. doi: 10.1208/s12248-012-9415-9. Epub 2012 Sep 28.","Li BV","AAPS J","2013","2012/10/12","PMC3535114","","10.1208/s12248-012-9415-9"
"19915699","Comparison of parametric and bootstrap method in bioequivalence test","Ahn BJ, Yim DS.","Korean J Physiol Pharmacol. 2009 Oct;13(5):367-71. doi: 10.4196/kjpp.2009.13.5.367. Epub 2009 Oct 31.","Ahn BJ","Korean J Physiol Pharmacol","2009","2009/11/17","PMC2776897","","10.4196/kjpp.2009.13.5.367"
"25609223","Demonstrating comparative in vitro bioequivalence for animal drug products through chemistry and manufacturing controls and physicochemical characterization: a proposal","Martinez MN, Fahmy R.","AAPS J. 2015 Mar;17(2):307-12. doi: 10.1208/s12248-014-9702-8. Epub 2015 Jan 22.","Martinez MN","AAPS J","2015","2015/01/23","PMC4365090","","10.1208/s12248-014-9702-8"
"29559771","Pharmacokinetic and bioequivalence study of a telmisartan/S-amlodipine fixed-dose combination (CKD-828) formulation and coadministered telmisartan and S-amlodipine in healthy subjects","Kang WY, Seong SJ, Ohk B, Gwon MR, Kim BK, La S, Kim HJ, Cho S, Yoon YR, Yang DH, Lee HW.","Drug Des Devel Ther. 2018 Mar 14;12:545-553. doi: 10.2147/DDDT.S156492. eCollection 2018.","Kang WY","Drug Des Devel Ther","2018","2018/03/22","PMC5857156","","10.2147/DDDT.S156492"
"36932300","Comparative Bioequivalence of Tablet and Capsule Formulations of Ulotaront and the Effect of Food on the Pharmacokinetics of the Tablet Form in Humans","Chen YL, Tsukada H, Milanovic S, Shi L, Li Y, Mao Y, Koblan KS, Galluppi GR.","Neurol Ther. 2023 Jun;12(3):815-832. doi: 10.1007/s40120-023-00459-8. Epub 2023 Mar 17.","Chen YL","Neurol Ther","2023","2023/03/18","PMC10195965","","10.1007/s40120-023-00459-8"
"23868749","Impact of osmotically active excipients on bioavailability and bioequivalence of BCS class III drugs","Chen ML, Sadrieh N, Yu L.","AAPS J. 2013 Oct;15(4):1043-50. doi: 10.1208/s12248-013-9509-z. Epub 2013 Jul 19.","Chen ML","AAPS J","2013","2013/07/23","PMC3787221","","10.1208/s12248-013-9509-z"
"23476803","Bioequivalence Study of Pantoprazole Sodium-HPBCD and Conventional Pantoprazole Sodium Enteric-Coated Tablet Formulations","Kamdi SP, Palkar PJ.","ISRN Pharmacol. 2013;2013:347457. doi: 10.1155/2013/347457. Epub 2013 Feb 7.","Kamdi SP","ISRN Pharmacol","2013","2013/03/12","PMC3582054","","10.1155/2013/347457"
"40574068","Formulation and Bioequivalence Evaluation of a Miniaturized Fexofenadine Hydrochloride Tablet","Song WY, Han CS, Yu WS, Jang JW, Kim GW, Jeon YS, Kim YJ, Jeong SJ, Kang JH, Kim DW, Park YS, Park CW.","Pharmaceutics. 2025 Jun 8;17(6):756. doi: 10.3390/pharmaceutics17060756.","Song WY","Pharmaceutics","2025","2025/06/27","PMC12196470","","10.3390/pharmaceutics17060756"
"38580928","Bioequivalence trials for the approval of generic drugs in Saudi Arabia: a descriptive analysis of design aspects","Althunian TA, Alzenaidy BR, Alroba RA, Almadani OA, Alqahtani FA, Binajlan AA, Almousa AI, Alamr DK, Al-Mofada MS, Alsaqer NY, Alarfaj HA, Bahlewa AA, Alharbi MA, Alhomaidan AM, Alsuwyeh AA, Alsaleh AA.","BMC Med Res Methodol. 2024 Apr 5;24(1):82. doi: 10.1186/s12874-024-02207-4.","Althunian TA","BMC Med Res Methodol","2024","2024/04/05","PMC10996127","","10.1186/s12874-024-02207-4"
"37753207","Evaluating the bioequivalence of levetiracetam brand and generic oral tablets available in the Saudi market in vivo","ALRabeeah D, Almomen A, Alzoman N, Arafah M.","Saudi Pharm J. 2023 Oct;31(10):101758. doi: 10.1016/j.jsps.2023.101758. Epub 2023 Aug 25.","ALRabeeah D","Saudi Pharm J","2023","2023/09/27","PMC10518482","","10.1016/j.jsps.2023.101758"
"30027479","A Single-Dose, Crossover-Design Bioequivalence Study Comparing Two Nicotine Gum Formulations in Healthy Subjects","Du D.","Adv Ther. 2018 Aug;35(8):1169-1180. doi: 10.1007/s12325-018-0752-7. Epub 2018 Jul 19.","Du D","Adv Ther","2018","2018/07/21","PMC6096963","","10.1007/s12325-018-0752-7"
"37953980","Bioequivalence of Different Formulations of Zonisamide Oral Suspensions: A Short Review","Stević I, Petrović N, Janković SM.","Patient Prefer Adherence. 2023 Nov 7;17:2841-2845. doi: 10.2147/PPA.S383038. eCollection 2023.","Stević I","Patient Prefer Adherence","2023","2023/11/13","PMC10638902","","10.2147/PPA.S383038"
"21577305","An open-label, randomized, cross-over bioequivalence study of lafutidine 10 mg under fasting condition","Dewan B, Chimata R.","World J Gastrointest Pharmacol Ther. 2010 Oct 6;1(5):112-8. doi: 10.4292/wjgpt.v1.i5.112.","Dewan B","World J Gastrointest Pharmacol Ther","2010","2011/05/18","PMC3091155","","10.4292/wjgpt.v1.i5.112"
"37242718","Physiologically Based Pharmacokinetic Model Development and Verification for Bioequivalence Testing of Bempedoic Acid Oral Suspension and Reference Tablet Formulation","Amore BM, Patel N, Batheja P, Templeton IE, Jones HM, Louie MJ, Emery MG.","Pharmaceutics. 2023 May 12;15(5):1476. doi: 10.3390/pharmaceutics15051476.","Amore BM","Pharmaceutics","2023","2023/05/27","PMC10222242","","10.3390/pharmaceutics15051476"
"29404054","Application of an LC-MS/MS method for the analysis of amlodipine, valsartan and hydrochlorothiazide in polypill for a bioequivalence study","Shah JV, Parekh JM, Shah PA, Shah PV, Sanyal M, Shrivastav PS.","J Pharm Anal. 2017 Oct;7(5):309-316. doi: 10.1016/j.jpha.2017.06.001. Epub 2017 Jun 4.","Shah JV","J Pharm Anal","2017","2018/02/07","PMC5790699","","10.1016/j.jpha.2017.06.001"
"37034124","Size-reduced fexuprazan 20 mg demonstrated the optimal bioavailability and bioequivalence with the reference formulation","Yang AY, Yoo H, Shin W, Lee YS, Lee H, Kim SE, Kim A.","Transl Clin Pharmacol. 2023 Mar;31(1):40-48. doi: 10.12793/tcp.2023.31.e3. Epub 2023 Mar 22.","Yang AY","Transl Clin Pharmacol","2023","2023/04/10","PMC10079506","","10.12793/tcp.2023.31.e3"
"37248330","Bioequivalence of Intravenous Alteplase from Two Different Manufacturing Processes in Healthy Male Volunteers: Results from a Two-Stage, Adaptive-Design Study","Glund S, Hoefler J, Lang B, Cafiero S, Panova-Noeva M, Place C, Wolff M.","Clin Pharmacokinet. 2023 Jul;62(7):1023-1030. doi: 10.1007/s40262-023-01253-3. Epub 2023 May 30.","Glund S","Clin Pharmacokinet","2023","2023/05/29","PMC10338556","","10.1007/s40262-023-01253-3"
"40720058","Pharmacokinetic Bioequivalence, Safety, and Immunogenicity of DMB-3115, an Ustekinumab Biosimilar, and EU- and US-Stelara in Healthy Adult Participants: A Randomized, Double-Blind, Single-Dose Study","Morita J, Fuhr R, Koernicke T, Cho N, Mencarini TT, Fushimi H.","Adv Ther. 2025 Sep;42(9):4681-4695. doi: 10.1007/s12325-025-03290-9. Epub 2025 Jul 28.","Morita J","Adv Ther","2025","2025/07/28","PMC12394248","","10.1007/s12325-025-03290-9"
"33213527","Bioequivalence of levamlodipine besylate tablets in healthy Chinese subjects: a single-dose and two-period crossover randomized study","Li X, Wang C, Li T, Liu Y, Liu S, Tao Y, Ma Y, Gao X, Cao Y.","BMC Pharmacol Toxicol. 2020 Nov 19;21(1):80. doi: 10.1186/s40360-020-00459-6.","Li X","BMC Pharmacol Toxicol","2020","2020/11/20","PMC7678077","","10.1186/s40360-020-00459-6"
"","International Conference Summary: Regulatory Workshop on Bioequivalence and Dissolution","","AAPS PharmSciTech. 2004 Dec 1;5(4):160. doi: 10.1208/BF02830553. eCollection 2004 Dec.","","AAPS PharmSciTech","2004","","PMC2750497","","10.1208/BF02830553"
"39817458","Bioequivalence of alternative pembrolizumab dosing regimens: current practice and future perspectives","Malmberg R, Agema BC, Hofman MM, Oosterveld S, Bins S, Dumoulin DW, Joosse A, Aerts JGJV, Debets R, Koch BCP, van der Veldt AAM, van Leeuwen RWF, Mathijssen RHJ.","Cancer Commun (Lond). 2025 Apr;45(4):471-475. doi: 10.1002/cac2.12661. Epub 2025 Jan 16.","Malmberg R","Cancer Commun (Lond)","2025","2025/01/16","PMC11999877","","10.1002/cac2.12661"
"31364911","Equivalent Systemic Exposure to Fluticasone Propionate/Salmeterol Following Single Inhaled Doses from Advair Diskus and Wixela Inhub: Results of Three Pharmacokinetic Bioequivalence Studies","Haughie S, Allan R, Wood N, Ward J.","J Aerosol Med Pulm Drug Deliv. 2020 Feb;33(1):34-42. doi: 10.1089/jamp.2019.1537. Epub 2019 Jul 31.","Haughie S","J Aerosol Med Pulm Drug Deliv","2020","2019/08/01","PMC7041328","","10.1089/jamp.2019.1537"
"36691524","Bioequivalence studies of cetirizine tablets using the urine excretion data of healthy Ghanaian male volunteers","Onuh G, Adu JK, Bekoe SO, Johnson R, Adosraku RK, Asare-Nkansah S.","Heliyon. 2023 Jan 4;9(1):e12665. doi: 10.1016/j.heliyon.2022.e12665. eCollection 2023 Jan.","Onuh G","Heliyon","2023","2023/01/24","PMC9860417","","10.1016/j.heliyon.2022.e12665"
"38764241","Bioequivalence and the food effect of macitentan/tadalafil 10/20 fixed-dose combination tablets versus the use of single-component tablets in healthy subjects","Ford JL, Sabet A, Natarajan J, Stieltjes H, Chao DL, Goyal N, Csonka D.","Pharmacol Res Perspect. 2024 Jun;12(3):e1202. doi: 10.1002/prp2.1202.","Ford JL","Pharmacol Res Perspect","2024","2024/05/20","PMC11103125","","10.1002/prp2.1202"
"23821352","International guidelines for bioequivalence of systemically available orally administered generic drug products: a survey of similarities and differences","Davit B, Braddy AC, Conner DP, Yu LX.","AAPS J. 2013 Oct;15(4):974-90. doi: 10.1208/s12248-013-9499-x. Epub 2013 Jul 3.","Davit B","AAPS J","2013","2013/07/04","PMC3787230","","10.1208/s12248-013-9499-x"
"33815843","The Role of ICS/LABA Fixed-Dose Combinations in the Treatment of Asthma and COPD: Bioequivalence of a Generic Fluticasone Propionate-Salmeterol Device","Tashkin DP, Ohar JA, Koltun A, Allan R, Ward JK.","Pulm Med. 2021 Mar 17;2021:8881895. doi: 10.1155/2021/8881895. eCollection 2021.","Tashkin DP","Pulm Med","2021","2021/04/05","PMC7994080","","10.1155/2021/8881895"
"38811485","Pharmacokinetics and Bioequivalence of Two Formulations of Azithromycin Tablets: A Randomized, Single-Dose, Three-Period, Crossover Study in Healthy Chinese Volunteers Under Fasting and Fed Conditions","Chen Y, Ye L, Mei J, Tian M, Xu M, Jin Q, Yu X, Yang S, Wang J.","Drugs R D. 2024 Jun;24(2):201-209. doi: 10.1007/s40268-024-00464-8. Epub 2024 May 30.","Chen Y","Drugs R D","2024","2024/05/29","PMC11315817","","10.1007/s40268-024-00464-8"
"40298089","Bioequivalence and safety assessment of sorafenib tosylate tablets in healthy Chinese subjects under fasting conditions","Wang Z, Peng H, Zhang Y, Chen X, A J.","Front Pharmacol. 2025 Apr 14;16:1470095. doi: 10.3389/fphar.2025.1470095. eCollection 2025.","Wang Z","Front Pharmacol","2025","2025/04/29","PMC12035729","","10.3389/fphar.2025.1470095"
"28815997","Bioequivalence and Safety of Twice-Daily Sustained-Release Paracetamol (Acetaminophen) Compared With 3- and 4-Times-Daily Paracetamol: A Repeat-Dose, Crossover Pharmacokinetic Study in Healthy Volunteers","Liu DJ, Collaku A.","Clin Pharmacol Drug Dev. 2018 Jan;7(1):77-86. doi: 10.1002/cpdd.369. Epub 2017 Aug 16.","Liu DJ","Clin Pharmacol Drug Dev","2018","2017/08/18","PMC6084369","","10.1002/cpdd.369"
"35794660","Bioequivalence evaluation and food effect assessment of Lisinopril/amlodipine tablets in healthy Chinese subjects under fasting and fed conditions","Li T, Liu YP, Liu SQ, Shi P, Jiang X, Tao Y, Gao XM, Ma YP, Cao Y.","BMC Pharmacol Toxicol. 2022 Jul 7;23(1):45. doi: 10.1186/s40360-022-00590-6.","Li T","BMC Pharmacol Toxicol","2022","2022/07/06","PMC9260974","","10.1186/s40360-022-00590-6"
"40283997","From In Vivo Predictive Dissolution to Virtual Bioequivalence: A GastroPlus(®)-Driven Framework for Generic Candesartan Cilexetil Tablets","Ruan H, Geng X, Situ Z, Shen Q, Ye T, Chen X, Su W.","Pharmaceuticals (Basel). 2025 Apr 11;18(4):562. doi: 10.3390/ph18040562.","Ruan H","Pharmaceuticals (Basel)","2025","2025/04/26","PMC12030460","","10.3390/ph18040562"
"34988679","Proof of Concept in Assignment of Within-Subject Variability During Virtual Bioequivalence Studies: Propagation of Intra-Subject Variation in Gastrointestinal Physiology Using Physiologically Based Pharmacokinetic Modeling","Bego M, Patel N, Cristofoletti R, Rostami-Hodjegan A.","AAPS J. 2022 Jan 5;24(1):21. doi: 10.1208/s12248-021-00672-z.","Bego M","AAPS J","2022","2022/01/06","PMC8817238","","10.1208/s12248-021-00672-z"
"35794358","Pharmacokinetics and Bioequivalence of Fudosteine in Healthy Chinese Volunteers Under Fasting and Fed Conditions: A 4-Way Replicate Crossover Study","Zhu M, Tao Y, Pu J, Zhao H, Wan L, Zhang P, Tang C.","Clin Pharmacol Drug Dev. 2023 Jan;12(1):30-37. doi: 10.1002/cpdd.1137. Epub 2022 Jul 6.","Zhu M","Clin Pharmacol Drug Dev","2023","2022/07/06","PMC10084052","","10.1002/cpdd.1137"
"19446151","Pharmacokinetic properties and bioequivalence of two formulations of arbidol: an open-label, single-dose, randomized-sequence, two-period crossover study in healthy Chinese male volunteers","Liu MY, Wang S, Yao WF, Wu HZ, Meng SN, Wei MJ.","Clin Ther. 2009 Apr;31(4):784-92. doi: 10.1016/j.clinthera.2009.04.016.","Liu MY","Clin Ther","2009","2009/05/19","PMC7133634","","10.1016/j.clinthera.2009.04.016"
"36178248","Evaluating the bioequivalence of two pitavastatin calcium formulations based on IVIVC modeling and clinical study","Wang J, Chen J, Wang L, Yang D, Shao R, Lou H, Ruan Z, Jiang B.","Clin Transl Sci. 2023 Jan;16(1):85-91. doi: 10.1111/cts.13426. Epub 2022 Oct 17.","Wang J","Clin Transl Sci","2023","2022/09/30","PMC9841298","","10.1111/cts.13426"
"35315257","Bioequivalence of Esaxerenone Conventional Tablet and Orally Disintegrating Tablet: Two Single-Dose Crossover Studies in Healthy Japanese Men","Kurata A, Eto T, Tsutsumi J, Igawa Y, Nishikawa Y, Ishizuka H.","Clin Pharmacol Drug Dev. 2022 Aug;11(8):957-965. doi: 10.1002/cpdd.1087. Epub 2022 Mar 21.","Kurata A","Clin Pharmacol Drug Dev","2022","2022/03/22","PMC9545664","","10.1002/cpdd.1087"
"39444050","Bioequivalence study of eltrombopag 75 mg film-coated tablets under fasting conditions during the Covid-19 pandemic in healthy Caucasian male subjects","Inal A, Sezer Z, Pinarbasli O, Bulut B, Reinsch M, Martin W, Mazicioglu MM, Koru SA.","BMC Pharmacol Toxicol. 2024 Oct 23;25(1):80. doi: 10.1186/s40360-024-00803-0.","Inal A","BMC Pharmacol Toxicol","2024","2024/10/24","PMC11515640","","10.1186/s40360-024-00803-0"
"31169344","A Proposal of Conducting Bioequivalence Trials with Gastric pH Modulators for Two Oral Formulations Demonstrating Different Dissolution Profiles at Elevated pH","Zhu H, Chen X, Ahmed M, Wang Y, Liu Q, Uppoor RS, Kuemmel C, Mehta M.","Clin Transl Sci. 2019 Nov;12(6):564-572. doi: 10.1111/cts.12658. Epub 2019 Aug 16.","Zhu H","Clin Transl Sci","2019","2019/06/07","PMC6853150","","10.1111/cts.12658"
"39861751","Development of Novel Fluticasone/Salmeterol/Tiotropium-Loaded Dry Powder Inhaler and Bioequivalence Assessment to Commercial Products in Rats","Cho H, Lee H, Hwang D.","Pharmaceutics. 2025 Jan 14;17(1):103. doi: 10.3390/pharmaceutics17010103.","Cho H","Pharmaceutics","2025","2025/01/25","PMC11769347","","10.3390/pharmaceutics17010103"
"31067745","Bioequivalence Studies of Vitamin D Gummies and Tablets in Healthy Adults: Results of a Cross-Over Study","Wagner CL, Shary JR, Nietert PJ, Wahlquist AE, Ebeling MD, Hollis BW.","Nutrients. 2019 May 7;11(5):1023. doi: 10.3390/nu11051023.","Wagner CL","Nutrients","2019","2019/05/10","PMC6566230","","10.3390/nu11051023"
"27859251","A randomized two-way crossover bioequivalence study in healthy adult volunteers of paediatric zidovudine/lamivudine/nevirapine fast-disintegrating fixed-dose combination tablet","Joshi A, Gbadero D, Esseku F, Adesanya OJ, Adeyeye MC.","J Pharm Pharmacol. 2017 Apr;69(4):463-470. doi: 10.1111/jphp.12666. Epub 2016 Nov 18.","Joshi A","J Pharm Pharmacol","2017","2016/11/19","PMC7938945","","10.1111/jphp.12666"
"32535742","Bioequivalence of Ultra Rapid Lispro (URLi) U100 and U200 Formulations in Healthy Subjects","Linnebjerg H, LaBell ES, Dellva MA, Coutant DE, Leohr J.","Diabetes Ther. 2020 Aug;11(8):1709-1720. doi: 10.1007/s13300-020-00848-4. Epub 2020 Jun 13.","Linnebjerg H","Diabetes Ther","2020","2020/06/15","PMC7376802","","10.1007/s13300-020-00848-4"
"38180721","A Randomized, Open-Label Study Conducted to Evaluate the Bioequivalence of Pegfilgrastim-cbqv On-Body Injector Versus Prefilled Syringe in Healthy Male Participants","Tang H, Civoli F, Tatarewicz S, Vandenkoornhuyse N, Finck B.","Adv Ther. 2024 Mar;41(3):991-1009. doi: 10.1007/s12325-023-02735-3. Epub 2024 Jan 5.","Tang H","Adv Ther","2024","2024/01/05","PMC10879373","","10.1007/s12325-023-02735-3"
"40123879","Bioequivalence Study of Ibuprofen and Diphenhydramine Hydrochloride mini liquid-filled capsules: A Size Reduction Alternative","Wyatt DJ, Araga M, McCloskey N, Petruschke R, Armogida M.","Curr Ther Res Clin Exp. 2025 Feb 12;102:100779. doi: 10.1016/j.curtheres.2025.100779. eCollection 2025.","Wyatt DJ","Curr Ther Res Clin Exp","2025","2025/03/24","PMC11930181","","10.1016/j.curtheres.2025.100779"
"40959737","Pharmacokinetics and Bioequivalence of Mycophenolate Sodium Enteric-Coated Tablets Under Fasting and Fed Conditions: A Single-Dose, Open-Label, Four-Period Replicated Crossover Study in Healthy Chinese Male Subjects","Zhang P, Li M, Jiang H, Liu F, Huang Q, Han Y, Fan L.","Drug Des Devel Ther. 2025 Sep 10;19:8069-8081. doi: 10.2147/DDDT.S529915. eCollection 2025.","Zhang P","Drug Des Devel Ther","2025","2025/09/17","PMC12434611","","10.2147/DDDT.S529915"
"32488427","Physiologically Based Dissolution Testing in a Drug Development Process-a Case Study of a Successful Application in a Bioequivalence Study of Trazodone ER Formulations Under Fed Conditions","Danielak D, Milanowski B, Wentowski K, Nogowska M, Kątny M, Rogowski P, Konwicki Ł, Puk E, Pieczuro J, Bawiec M, Garbacz G, Lulek J.","AAPS PharmSciTech. 2020 Jun 2;21(5):161. doi: 10.1208/s12249-020-01662-8.","Danielak D","AAPS PharmSciTech","2020","2020/06/04","PMC7266804","","10.1208/s12249-020-01662-8"
"38389924","Update on the advances and challenges in bioequivalence testing methods for complex topical generic products","Alomari N, Alhussaini W.","Front Pharmacol. 2024 Feb 8;15:1330712. doi: 10.3389/fphar.2024.1330712. eCollection 2024.","Alomari N","Front Pharmacol","2024","2024/02/23","PMC10881717","","10.3389/fphar.2024.1330712"
"28637670","A randomised, double-blind trial to demonstrate bioequivalence of GP2013 and reference rituximab combined with methotrexate in patients with active rheumatoid arthritis","Smolen JS, Cohen SB, Tony HP, Scheinberg M, Kivitz A, Balanescu A, Gomez-Reino J, Cen L, Zhu P, Shisha T.","Ann Rheum Dis. 2017 Sep;76(9):1598-1602. doi: 10.1136/annrheumdis-2017-211281. Epub 2017 Jun 21.","Smolen JS","Ann Rheum Dis","2017","2017/06/23","PMC5561377","","10.1136/annrheumdis-2017-211281"
"36530026","Regulatory utility of physiologically-based pharmacokinetic modeling to support alternative bioequivalence approaches and risk assessment: A workshop summary report","Wu F, Mousa Y, Raines K, Bode C, Tsang YC, Cristofoletti R, Zhang H, Heimbach T, Fang L, Kesisoglou F, Mitra A, Polli J, Kim MJ, Fan J, Zolnik BS, Sun D, Zhang Y, Zhao L.","CPT Pharmacometrics Syst Pharmacol. 2023 May;12(5):585-597. doi: 10.1002/psp4.12907. Epub 2023 Jan 4.","Wu F","CPT Pharmacometrics Syst Pharmacol","2023","2022/12/19","PMC10196428","","10.1002/psp4.12907"
"38004548","Etoricoxib Coated Tablets: Bioequivalence Assessment between Two Formulations Administered under Fasting Conditions","Meulman J, Davanço MG, Vianna DRB, da Silva TM, Costa F, Pacheco FBC, de Oliveira ME, Vespasiano CFP.","Pharmaceutics. 2023 Nov 1;15(11):2569. doi: 10.3390/pharmaceutics15112569.","Meulman J","Pharmaceutics","2023","2023/11/25","PMC10675291","","10.3390/pharmaceutics15112569"
"26009652","Human bioequivalence evaluation of two losartan potassium tablets under fasting conditions","Das AK, Dhanure S, Savalia AK, Nayak SK, Tripathy SK.","Indian J Pharm Sci. 2015 Mar-Apr;77(2):190-5. doi: 10.4103/0250-474x.156583.","Das AK","Indian J Pharm Sci","2015","2015/05/27","PMC4442468","","10.4103/0250-474x.156583"
"39044631","Bioequivalence study of low dose drospirenone/ethinyl estradiol 3 mg/0.03 mg film tablets under fasting conditions in Turkish healthy female subjects","Inal A, Sezer Z, Uluözlü B, Oflas M, Reinsch M, Martin W, Mazicioglu MM, Koru SA.","Pharmacol Res Perspect. 2024 Aug;12(4):e1253. doi: 10.1002/prp2.1253.","Inal A","Pharmacol Res Perspect","2024","2024/07/24","PMC11266778","","10.1002/prp2.1253"
"34784108","Bioequivalence and Pharmacokinetic Evaluation of 2 Pyrazinamide Formulations in Healthy Chinese Adults: A Single-Dose, Open-Label, Randomized-Sequence, 2×2 Crossover Study","Wang S, Ren J, Wang H, Zhi T, Zhu Y, Feng J, Li Z, Zhang R.","Clin Pharmacol Drug Dev. 2022 Apr;11(4):551-556. doi: 10.1002/cpdd.1035. Epub 2021 Nov 16.","Wang S","Clin Pharmacol Drug Dev","2022","2021/11/16","PMC9298828","","10.1002/cpdd.1035"
"32576287","A randomized single-dose, two-period crossover bioequivalence study of two fixed-dose Paracetamol/Orphenadrine combination preparations in healthy volunteers under fasted condition","Cheah KY, Mah KY, Pang LH, Ng SM, Wong JW, Tan SS, Tan HZ, Yuen KH.","BMC Pharmacol Toxicol. 2020 Jun 23;21(1):45. doi: 10.1186/s40360-020-00416-3.","Cheah KY","BMC Pharmacol Toxicol","2020","2020/06/25","PMC7310552","","10.1186/s40360-020-00416-3"
"30059196","Bioequivalence of Olanzapine Given in Combination With Samidorphan as a Bilayer Tablet (ALKS 3831) Compared With Olanzapine-Alone Tablets: Results From a Randomized, Crossover Relative Bioavailability Study","Sun L, McDonnell D, Liu J, von Moltke L.","Clin Pharmacol Drug Dev. 2019 May;8(4):459-466. doi: 10.1002/cpdd.601. Epub 2018 Jul 30.","Sun L","Clin Pharmacol Drug Dev","2019","2018/07/31","PMC6585851","","10.1002/cpdd.601"
"25692005","Bioequivalence of Sandoz methylphenidate osmotic-controlled release tablet with Concerta® (Janssen-Cilag)","Schapperer E, Daumann H, Lamouche S, Thyroff-Friesinger U, Viel F, Weitschies W.","Pharmacol Res Perspect. 2015 Feb;3(1):e00072. doi: 10.1002/prp2.72. Epub 2015 Jan 5.","Schapperer E","Pharmacol Res Perspect","2015","2015/02/19","PMC4317218","","10.1002/prp2.72"
"33116410","Pharmacokinetics and Bioequivalence of Two Formulations of Valsartan 80 mg Capsules: A Randomized, Single Dose, 4-Period Crossover Study in Healthy Chinese Volunteers Under Fasting and Fed Conditions","Wu Q, Wang X, Chen Q, Zou Y, Xu X, Li T, Yu C, Zhu F, Zhang KE, Jia J, Liu Y.","Drug Des Devel Ther. 2020 Oct 12;14:4221-4230. doi: 10.2147/DDDT.S253078. eCollection 2020.","Wu Q","Drug Des Devel Ther","2020","2020/10/29","PMC7567554","","10.2147/DDDT.S253078"
"25840883","A Bioequivalence Approach for Generic Narrow Therapeutic Index Drugs: Evaluation of the Reference-Scaled Approach and Variability Comparison Criterion","Jiang W, Makhlouf F, Schuirmann DJ, Zhang X, Zheng N, Conner D, Yu LX, Lionberger R.","AAPS J. 2015 Jul;17(4):891-901. doi: 10.1208/s12248-015-9753-5. Epub 2015 Apr 4.","Jiang W","AAPS J","2015","2015/04/05","PMC4476992","","10.1208/s12248-015-9753-5"
"22972221","Implementation of a reference-scaled average bioequivalence approach for highly variable generic drug products by the US Food and Drug Administration","Davit BM, Chen ML, Conner DP, Haidar SH, Kim S, Lee CH, Lionberger RA, Makhlouf FT, Nwakama PE, Patel DT, Schuirmann DJ, Yu LX.","AAPS J. 2012 Dec;14(4):915-24. doi: 10.1208/s12248-012-9406-x. Epub 2012 Sep 13.","Davit BM","AAPS J","2012","2012/09/14","PMC3475857","","10.1208/s12248-012-9406-x"
"37188262","Pharmacokinetics and bioequivalence study of esomeprazole magnesium enteric-coated tablets 20 mg in healthy Chinese subjects under fasting and fed conditions","Ding Y, Chu N, Que L, Huang K, Chen Y, Qin W, Qian Z, Shi Y, Xu Z, He Q.","Front Pharmacol. 2023 Apr 28;14:1169103. doi: 10.3389/fphar.2023.1169103. eCollection 2023.","Ding Y","Front Pharmacol","2023","2023/05/15","PMC10175790","","10.3389/fphar.2023.1169103"
"41280238","Bioequivalence centres in Africa: current state and opportunities for growth","Ncube BM, Muthuri S, Ajose O, Kikwai L.","J Pharm Policy Pract. 2025 Nov 20;18(1):2522483. doi: 10.1080/20523211.2025.2522483. eCollection 2025.","Ncube BM","J Pharm Policy Pract","2025","2025/11/24","PMC12636534","","10.1080/20523211.2025.2522483"
"40287564","Bioequivalence and Safety of Two Amisulpride Formulations in Healthy Chinese Subjects Under Fasting and Fed Conditions: A Randomized, Open‑Label, Single‑Dose, Crossover Study","Wang M, Peng Y, Yan H, Pan Z, Du R, Liu G.","Drugs R D. 2025 Jun;25(2):117-125. doi: 10.1007/s40268-025-00508-7. Epub 2025 Apr 26.","Wang M","Drugs R D","2025","2025/04/26","PMC12185791","","10.1007/s40268-025-00508-7"
"37029741","Non-Invasive Multiparametric Approach To Determine Sweat-Blood Lactate Bioequivalence","Rabost-Garcia G, Colmena V, Aguilar-Torán J, Vieyra Galí J, Punter-Villagrasa J, Casals-Terré J, Miribel-Catala P, Muñoz X, Cadefau J, Padullés J, Brotons Cuixart D.","ACS Sens. 2023 Apr 28;8(4):1536-1541. doi: 10.1021/acssensors.2c02614. Epub 2023 Apr 8.","Rabost-Garcia G","ACS Sens","2023","2023/04/08","PMC10152482","","10.1021/acssensors.2c02614"
"37904315","Global harmonization of immediate-release solid oral drug product bioequivalence recommendations and the impact on generic drug development","Kotsybar J, Hakeem S, Zhang L, Jiang W.","Clin Transl Sci. 2023 Dec;16(12):2756-2764. doi: 10.1111/cts.13670. Epub 2023 Nov 14.","Kotsybar J","Clin Transl Sci","2023","2023/10/31","PMC10719485","","10.1111/cts.13670"
"40284404","Physiologically-Based Biopharmaceutics Modeling for Ibuprofen: Identifying Key Formulation Parameter and Virtual Bioequivalence Assessment","Zarzoso-Foj J, Cuquerella-Gilabert M, Merino-Sanjuan M, Reig-Lopez J, Mangas-Sanjuán V, Garcia-Arieta A.","Pharmaceutics. 2025 Mar 24;17(4):408. doi: 10.3390/pharmaceutics17040408.","Zarzoso-Foj J","Pharmaceutics","2025","2025/04/26","PMC12030207","","10.3390/pharmaceutics17040408"
"18500564","In vitro studies are sometimes better than conventional human pharmacokinetic in vivo studies in assessing bioequivalence of immediate-release solid oral dosage forms","Polli JE.","AAPS J. 2008 Jun;10(2):289-99. doi: 10.1208/s12248-008-9027-6. Epub 2008 May 24.","Polli JE","AAPS J","2008","2008/05/27","PMC2751377","","10.1208/s12248-008-9027-6"
"24517289","Synthetic versus natural curcumin: bioequivalence in an in vitro oral mucositis model","Lüer SC, Goette J, Troller R, Aebi C.","BMC Complement Altern Med. 2014 Feb 11;14:53. doi: 10.1186/1472-6882-14-53.","Lüer SC","BMC Complement Altern Med","2014","2014/02/13","PMC3927628","","10.1186/1472-6882-14-53"
"28097506","Bioequivalence Methodologies for Topical Drug Products: In Vitro and Ex Vivo Studies with a Corticosteroid and an Anti-Fungal Drug","Leal LB, Cordery SF, Delgado-Charro MB, Bunge AL, Guy RH.","Pharm Res. 2017 Apr;34(4):730-737. doi: 10.1007/s11095-017-2099-1. Epub 2017 Jan 17.","Leal LB","Pharm Res","2017","2017/01/19","PMC5336544","","10.1007/s11095-017-2099-1"
"31724253","Pharmacokinetic and pharmacodynamic bioequivalence of proposed biosimilar MYL-1501D with US and European insulin glargine formulations in patients with type 1 diabetes mellitus","Heise T, Donnelly C, Barve A, Aubonnet P.","Diabetes Obes Metab. 2020 Apr;22(4):521-529. doi: 10.1111/dom.13919. Epub 2019 Dec 15.","Heise T","Diabetes Obes Metab","2020","2019/11/15","PMC7079113","","10.1111/dom.13919"
"37083730","A single-dose, randomized crossover study in healthy Chinese subjects to evaluate pharmacokinetics and bioequivalence of two capsules of calcium dobesilate 0.5 g under fasting and fed conditions","Liu Y, Cheng J, Liang L, Qian W, Ou M, Zhang M, Wang Y, Wang Y, Peng K, Jia J.","PLoS One. 2023 Apr 21;18(4):e0284576. doi: 10.1371/journal.pone.0284576. eCollection 2023.","Liu Y","PLoS One","2023","2023/04/21","PMC10121042","","10.1371/journal.pone.0284576"
"34349503","Bioequivalence and Pharmacokinetic Evaluation of Two Oral Formulations of Regorafenib: An Open-Label, Randomised, Single-Dose, Two-Period, Two-Way Crossover Clinical Trial in Healthy Chinese Volunteers Under Fasting and Fed Conditions","Zhang Q, Wang Z, Wu J, Zhou Z, Zhou R, Hu W.","Drug Des Devel Ther. 2021 Jul 29;15:3277-3288. doi: 10.2147/DDDT.S323169. eCollection 2021.","Zhang Q","Drug Des Devel Ther","2021","2021/08/05","PMC8328391","","10.2147/DDDT.S323169"
"36135935","Bioequivalence and safety evaluation of two preparations of metformin hydrochloride sustained-release tablets (Boke(®) and Glucophage(®)-XR) in healthy Chinese volunteers: a randomized phase I clinical trial","Sun ML, Liu C, Bai HH, Wei YL, Zhang W, Liu HJ, Li YJ, Liu L, Wang Y, Tong YX, Gao Q, Liu QY, Wang X.","Ann Med. 2022 Dec;54(1):2626-2635. doi: 10.1080/07853890.2022.2125574.","Sun ML","Ann Med","2022","2022/09/22","PMC9521607","","10.1080/07853890.2022.2125574"
"29593380","Bioequivalence of a biosimilar enoxaparin sodium to Clexane(®) after single 100 mg subcutaneous dose: results of a randomized, double-blind, crossover study in healthy volunteers","Martínez González J, Monreal M, Ayani Almagia I, Llaudó Garín J, Ochoa Díaz de Monasterioguren L, Gutierro Adúriz I.","Drug Des Devel Ther. 2018 Mar 19;12:575-582. doi: 10.2147/DDDT.S162817. eCollection 2018.","Martínez González J","Drug Des Devel Ther","2018","2018/03/30","PMC5865560","","10.2147/DDDT.S162817"
"39088184","Bioequivalence and Safety of Bilastine 20 mg Orodispersible Tablets and Conventional Tablets: A Randomized, Single-Dose, Two-Period Crossover Study in Healthy Volunteers Under Fasting Conditions","Román M, Ochoa D, Martin S, Luquero S, Gilaberte I, Arranz P, Sánchez C.","Drugs R D. 2024 Sep;24(3):405-414. doi: 10.1007/s40268-024-00480-8. Epub 2024 Aug 1.","Román M","Drugs R D","2024","2024/08/01","PMC11456049","","10.1007/s40268-024-00480-8"
"39065727","Advancing Virtual Bioequivalence for Orally Administered Drug Products: Methodology, Real-World Applications and Future Outlook","Kollipara S, Martins FS, Jereb R, Krajcar D, Ahmed T.","Pharmaceuticals (Basel). 2024 Jul 3;17(7):876. doi: 10.3390/ph17070876.","Kollipara S","Pharmaceuticals (Basel)","2024","2024/07/27","PMC11279853","","10.3390/ph17070876"
"33833807","Liquid Chromatography-Tandem Mass Spectrometry Method for the Determination of Vardenafil and Its Application of Bioequivalence","Gan KZ, Widodo RT, Chik Z, Teh LK, Rofiee MS, Mohamad Yusof MI.","Int J Anal Chem. 2021 Mar 25;2021:5590594. doi: 10.1155/2021/5590594. eCollection 2021.","Gan KZ","Int J Anal Chem","2021","2021/04/09","PMC8018852","","10.1155/2021/5590594"
"31571834","Bioequivalence Study Of A Fixed-Dose Combination Tablet Containing Melitracen 10 mg And Flupentixol 0.5 mg In Healthy Chinese Volunteers Under Fasted And Fed Conditions","Wu L, Xu C, Wu G, Zhou H, Lv D, Zhai Y, Huang Y, Tang W, Li F, Shentu J.","Drug Des Devel Ther. 2019 Sep 19;13:3331-3342. doi: 10.2147/DDDT.S207561. eCollection 2019.","Wu L","Drug Des Devel Ther","2019","2019/10/02","PMC6756841","","10.2147/DDDT.S207561"
"36301928","EVG/COBI/FTC/TAF Bioequivalence Comparing Whole Tablets with Tablets Dissolved in Tap Water","Andrade A, Fuchs EJ, Marzinke MA, Abdul Massih S, Breakey J, Beselman S, McNicholl I, Hendrix CW.","AIDS Res Hum Retroviruses. 2023 Jan;39(1):38-43. doi: 10.1089/AID.2022.0085. Epub 2022 Dec 22.","Andrade A","AIDS Res Hum Retroviruses","2023","2022/10/27","PMC9910106","","10.1089/AID.2022.0085"
"22864669","International veterinary bioequivalence guideline similarities and differences between Australia, Canada, Europe, Japan, New Zealand and the United States","Lainesse C.","AAPS J. 2012 Dec;14(4):792-8. doi: 10.1208/s12248-012-9393-y. Epub 2012 Aug 4.","Lainesse C","AAPS J","2012","2012/08/07","PMC3475842","","10.1208/s12248-012-9393-y"
"38140005","A Multicenter Randomized Bioequivalence Study of a Novel Ready-to-Use Temozolomide Oral Suspension vs. Temozolomide Capsules","Ducray F, Ramirez C, Robert M, Fontanilles M, Bronnimann C, Chinot O, Estrade F, Durando X, Cartalat S, Bastid J, Bienayme H, Lemarchand C.","Pharmaceutics. 2023 Nov 24;15(12):2664. doi: 10.3390/pharmaceutics15122664.","Ducray F","Pharmaceutics","2023","2023/12/23","PMC10747054","","10.3390/pharmaceutics15122664"
"31432471","Why Were More Than 200 Subjects Required to Demonstrate the Bioequivalence of a New Formulation of Levothyroxine with an Old One?","Concordet D, Gandia P, Montastruc JL, Bousquet-Mélou A, Lees P, Ferran AA, Toutain PL.","Clin Pharmacokinet. 2020 Jan;59(1):1-5. doi: 10.1007/s40262-019-00812-x.","Concordet D","Clin Pharmacokinet","2020","2019/08/22","PMC6994420","","10.1007/s40262-019-00812-x"
"30884755","Exploring Bioequivalence of Dexketoprofen Trometamol Drug Products with the Gastrointestinal Simulator (GIS) and Precipitation Pathways Analyses","Bermejo M, Kuminek G, Al-Gousous J, Ruiz-Picazo A, Tsume Y, Garcia-Arieta A, González-Alvarez I, Hens B, Amidon GE, Rodriguez-Hornedo N, Amidon GL, Mudie D.","Pharmaceutics. 2019 Mar 15;11(3):122. doi: 10.3390/pharmaceutics11030122.","Bermejo M","Pharmaceutics","2019","2019/03/20","PMC6471271","","10.3390/pharmaceutics11030122"
"27022473","Bioequivalence of saxagliptin/dapagliflozin fixed-dose combination tablets compared with coadministration of the individual tablets to healthy subjects","Vakkalagadda B, Vetter ML, Rana J, Smith CH, Huang J, Karkas J, Boulton DW, LaCreta F.","Pharmacol Res Perspect. 2016 Jan 12;3(6):e00201. doi: 10.1002/prp2.201. eCollection 2015 Dec.","Vakkalagadda B","Pharmacol Res Perspect","2016","2016/03/30","PMC4777251","","10.1002/prp2.201"
"24249218","Performance properties of the population bioequivalence approach for in vitro delivered dose for orally inhaled respiratory products","Morgan B, Strickland H.","AAPS J. 2014 Jan;16(1):89-100. doi: 10.1208/s12248-013-9543-x. Epub 2013 Nov 19.","Morgan B","AAPS J","2014","2013/11/20","PMC3889535","","10.1208/s12248-013-9543-x"
"32196976","The Bioequivalence of Tafamidis 61-mg Free Acid Capsules and Tafamidis Meglumine 4 × 20-mg Capsules in Healthy Volunteers","Lockwood PA, Le VH, O'Gorman MT, Patterson TA, Sultan MB, Tankisheva E, Wang Q, Riley S.","Clin Pharmacol Drug Dev. 2020 Oct;9(7):849-854. doi: 10.1002/cpdd.789. Epub 2020 Mar 20.","Lockwood PA","Clin Pharmacol Drug Dev","2020","2020/03/21","PMC7754314","","10.1002/cpdd.789"
"29403829","Simultaneous pharmacokinetic assessment of cefadroxil and clavulanic acid in human plasma by LC-MS and its application to bioequivalence studies","Nagarajan JSK, Vimal CS, George R, Dubala A.","J Pharm Anal. 2013 Aug;3(4):285-291. doi: 10.1016/j.jpha.2013.02.003. Epub 2013 Feb 26.","Nagarajan JSK","J Pharm Anal","2013","2018/02/07","PMC5760965","","10.1016/j.jpha.2013.02.003"
"21039763","Acceptability and characteristics of 124 human bioequivalence studies with active substances classified according to the Biopharmaceutic Classification System","Ramirez E, Laosa O, Guerra P, Duque B, Mosquera B, Borobia AM, Lei SH, Carcas AJ, Frias J.","Br J Clin Pharmacol. 2010 Nov;70(5):694-702. doi: 10.1111/j.1365-2125.2010.03757.x.","Ramirez E","Br J Clin Pharmacol","2010","2010/11/03","PMC2997309","","10.1111/j.1365-2125.2010.03757.x"
"29403750","Quantification of sibutramine and its two metabolites in human plasma by LC-ESI-MS/MS and its application in a bioequivalence study","Ponnuru VS, Challa BR, Nadendla R.","J Pharm Anal. 2012 Aug;2(4):249-257. doi: 10.1016/j.jpha.2012.02.010. Epub 2012 Mar 7.","Ponnuru VS","J Pharm Anal","2012","2018/02/07","PMC5760908","","10.1016/j.jpha.2012.02.010"
"27446938","Bioequivalence Study of Two Long-Acting Formulations of Oxytetracycline Following Intramuscular Administration in Bovines","Mestorino N, Marchetti ML, Lucas MF, Modamio P, Zeinsteger P, Fernández Lastra C, Segarra I, Mariño EL.","Front Vet Sci. 2016 Jun 23;3:50. doi: 10.3389/fvets.2016.00050. eCollection 2016.","Mestorino N","Front Vet Sci","2016","2016/07/23","PMC4917521","","10.3389/fvets.2016.00050"
"26974539","Pharmacokinetics and Bioequivalence of Two Formulations of Febuxostat 40-Mg and 80-Mg Tablets: A Randomized, Open-Label, 4-Way Crossover Study in Healthy Chinese Male Volunteers","Luo Z, Nan F, Miao J, Chen Z, Li M, Liang M.","PLoS One. 2016 Mar 14;11(3):e0150661. doi: 10.1371/journal.pone.0150661. eCollection 2016.","Luo Z","PLoS One","2016","2016/03/15","PMC4790952","","10.1371/journal.pone.0150661"
"28117317","Bioequivalence Study of Two Orodispersible Rizatriptan Formulations of 10 mg in Healthy Volunteers","Cánovas M, Polonio F, Cabré F.","Sci Pharm. 2016 Jun 13;84(3):514-522. doi: 10.3390/scipharm84030514.","Cánovas M","Sci Pharm","2016","2017/01/25","PMC5064242","","10.3390/scipharm84030514"
"25328346","Bioequivalence and Bioavailability Clinical Trials: A Status Report from the National Institutes of Health ClinicalTrials.gov Registry","Stockmann C, Spigarelli MG, Ampofo K, Sherwin CM.","J Bioequivalence Bioavailab. 2013 Nov 4;5:244-247. doi: 10.4172/jbb.1000167.","Stockmann C","J Bioequivalence Bioavailab","2013","2014/10/21","PMC4201122","NIHMS601997","10.4172/jbb.1000167"
"33135865","Bioequivalence of Metformin in Ertugliflozin/Metformin Fixed-Dose Combination Tablets to Canadian-Sourced Metformin Coadministered With Ertugliflozin Under Fasted and Fed States","Dawra VK, Pelletier K, Matschke K, Shi H, Hickman A, Zhou S, Krishna R, Sahasrabudhe V.","Clin Pharmacol Drug Dev. 2021 May;10(5):510-520. doi: 10.1002/cpdd.884. Epub 2020 Nov 2.","Dawra VK","Clin Pharmacol Drug Dev","2021","2020/11/02","PMC8246554","","10.1002/cpdd.884"
"29404069","Determination of ergocalciferol in human plasma after Diels-Alder derivatization by LC-MS/MS and its application to a bioequivalence study","Contractor P, Gandhi A, Solanki G, Shah PA, Shrivastav PS.","J Pharm Anal. 2017 Dec;7(6):417-422. doi: 10.1016/j.jpha.2017.05.006. Epub 2017 May 19.","Contractor P","J Pharm Anal","2017","2018/02/07","PMC5790750","","10.1016/j.jpha.2017.05.006"
"26621118","Phase I, two-way, crossover study to demonstrate bioequivalence and to compare safety and tolerability of single-dose XM17 vs Gonal-f® in healthy women after follicle-stimulating hormone downregulation","Lammerich A, Mueller A, Bias P.","Reprod Biol Endocrinol. 2015 Dec 1;13:130. doi: 10.1186/s12958-015-0124-y.","Lammerich A","Reprod Biol Endocrinol","2015","2015/12/02","PMC4665917","","10.1186/s12958-015-0124-y"
"39432231","Pharmacokinetics and Bioequivalence of Two Powders of Azithromycin for Suspension: A Nonblinded, Single-Dose, Randomized, Three-Way Crossover Study in Fed and Fasting States Among Healthy Chinese Volunteers","Shao J, Liu X, Lin J, Chen J, Xie X.","Drugs R D. 2024 Dec;24(4):517-529. doi: 10.1007/s40268-024-00492-4. Epub 2024 Oct 21.","Shao J","Drugs R D","2024","2024/10/21","PMC11652440","","10.1007/s40268-024-00492-4"
"19920901","Comparative in vivo bioequivalence and in vitro dissolution of two valproic acid sustained-release formulations","Fujii A, Yasui-Furukori N, Nakagami T, Niioka T, Saito M, Sato Y, Kaneko S.","Drug Des Devel Ther. 2009 Feb 6;2:139-44. doi: 10.2147/dddt.s3556.","Fujii A","Drug Des Devel Ther","2009","2009/11/19","PMC2761171","","10.2147/dddt.s3556"
"22923328","Upper gastrointestinal tract transit times of tablet and drinkable solution formulations of alendronate: a bioequivalence and a quantitative, randomized study using video deglutition","Gómez Acotto C, Antonelli C, Flynn D, McDaid D, Roldán EJ.","Calcif Tissue Int. 2012 Nov;91(5):325-34. doi: 10.1007/s00223-012-9639-9. Epub 2012 Aug 26.","Gómez Acotto C","Calcif Tissue Int","2012","2012/08/28","PMC3466430","","10.1007/s00223-012-9639-9"
"29216899","Generic-reference and generic-generic bioequivalence of forty-two, randomly-selected, on-market generic products of fourteen immediate-release oral drugs","Hammami MM, De Padua SJS, Hussein R, Al Gaai E, Khodr NA, Al-Swayeh R, Alvi SN, Binhashim N.","BMC Pharmacol Toxicol. 2017 Dec 8;18(1):78. doi: 10.1186/s40360-017-0182-1.","Hammami MM","BMC Pharmacol Toxicol","2017","2017/12/09","PMC5721559","","10.1186/s40360-017-0182-1"
"35003526","Two-Stage Adaptive Designs for Three-Treatment Bioequivalence Studies","Grayling MJ, Mander AP, Wason JMS.","Stat Biopharm Res. 2019;11(4):360-374. doi: 10.1080/19466315.2019.1654911. Epub 2019 Sep 6.","Grayling MJ","Stat Biopharm Res","2019","2022/01/10","PMC7612189","EMS140630","10.1080/19466315.2019.1654911"
"40487406","A sex-sensitive LC-MS/MS method with isotopic internal standard for prazosin bioequivalence: bridging precision medicine and generic drug policy in China","Chen H, Guo J, Zhu Z, Huang X, Guo J.","Front Pharmacol. 2025 May 23;16:1592731. doi: 10.3389/fphar.2025.1592731. eCollection 2025.","Chen H","Front Pharmacol","2025","2025/06/09","PMC12141339","","10.3389/fphar.2025.1592731"
"27054190","Complete dataset for 2-treatment, 2-sequence, 2-period efavirenz bioequivalence study conducted with nightly dosing","Ibarra M, Magallanes L, Lorier M, Vázquez M, Fagiolino P.","Data Brief. 2016 Mar 15;7:751-4. doi: 10.1016/j.dib.2016.03.036. eCollection 2016 Jun.","Ibarra M","Data Brief","2016","2016/04/08","PMC4804224","","10.1016/j.dib.2016.03.036"
"23543603","Sequential bioequivalence trial designs with increased power and controlled type I error rates","Fuglsang A.","AAPS J. 2013 Jul;15(3):659-61. doi: 10.1208/s12248-013-9475-5. Epub 2013 Mar 30.","Fuglsang A","AAPS J","2013","2013/04/02","PMC3691437","","10.1208/s12248-013-9475-5"
"31802400","Comment on: ""Why Were More Than 200 Subjects Required to Demonstrate the Bioequivalence of a New Formulation of Levothyroxine with an Old One?""","Krebs-Brown A, Munafo A, Gaikwad S, Urgatz B, Castello-Bridoux C.","Clin Pharmacokinet. 2020 Feb;59(2):265-267. doi: 10.1007/s40262-019-00847-0.","Krebs-Brown A","Clin Pharmacokinet","2020","2019/12/06","PMC7007443","","10.1007/s40262-019-00847-0"
"35056916","In Vitro and In Vivo Bioequivalence Study of 3D-Printed Instant-Dissolving Levetiracetam Tablets and Subsequent Personalized Dosing for Chinese Children Based on Physiological Pharmacokinetic Modeling","Li X, Liang E, Hong X, Han X, Li C, Wang Y, Wang Z, Zheng A.","Pharmaceutics. 2021 Dec 22;14(1):20. doi: 10.3390/pharmaceutics14010020.","Li X","Pharmaceutics","2021","2022/01/21","PMC8779920","","10.3390/pharmaceutics14010020"
"38436924","Demonstrating Bioequivalence for Two Dose Strengths of Niraparib and Abiraterone Acetate Dual-Action Tablets Versus Single Agents: Utility of Clinical Study Data Supplemented with Modeling and Simulation","Yu A, Hazra A, Jiao JJ, Hellemans P, Mitselos A, Tian H, Ruixo JJP, Haddish-Berhane N, Ouellet D, Russu A.","Clin Pharmacokinet. 2024 Apr;63(4):511-527. doi: 10.1007/s40262-023-01340-5. Epub 2024 Mar 4.","Yu A","Clin Pharmacokinet","2024","2024/03/04","PMC11052869","","10.1007/s40262-023-01340-5"
"26904401","Implementation of a reference-scaled average bioequivalence approach for highly variable generic drug products of agomelatine in Chinese subjects","Tang F, Zhou R, Cheng Z, Yang G, Chen A, Liu Z, Tan H, Yang S, Li S, Mu L, Yu P.","Acta Pharm Sin B. 2016 Jan;6(1):71-8. doi: 10.1016/j.apsb.2015.10.003. Epub 2015 Nov 17.","Tang F","Acta Pharm Sin B","2016","2016/02/24","PMC4724689","","10.1016/j.apsb.2015.10.003"
"36080473","Fast and Sensitive HPLC-ESI-MS/MS Method for Etoricoxib Quantification in Human Plasma and Application to Bioequivalence Study","Loh GOK, Wong EYL, Tan YTF, Heng SC, Saaid M, Cheah KY, Mohd Sali ND, Damenthi N, Ng SSM, Ming LC, Peh KK.","Molecules. 2022 Sep 4;27(17):5706. doi: 10.3390/molecules27175706.","Loh GOK","Molecules","2022","2022/09/09","PMC9457878","","10.3390/molecules27175706"
"31667735","Bioequivalence of a Newly Developed Dabigatran Etexilate Tablet Versus the Commercial Capsule and Impact of Rabeprazole-Induced Elevated Gastric pH on Exposure in Healthy Subjects","Harada A, Ikushima I, Haranaka M, Yanagihara A, Nakayama D.","Am J Cardiovasc Drugs. 2020 Jun;20(3):249-258. doi: 10.1007/s40256-019-00377-x.","Harada A","Am J Cardiovasc Drugs","2020","2019/11/01","PMC7266796","","10.1007/s40256-019-00377-x"
"37300755","Predictive Potential of Acido-Basic Properties, Solubility and Food on Bioequivalence Study Outcome: Analysis of 128 Studies","Krajcar D, Jereb R, Legen I, Opara J, Grabnar I.","Drugs R D. 2023 Sep;23(3):211-220. doi: 10.1007/s40268-023-00426-6. Epub 2023 Jun 10.","Krajcar D","Drugs R D","2023","2023/06/10","PMC10439087","","10.1007/s40268-023-00426-6"
"38511523","Clinical evaluation of PF614, a novel TAAP prodrug of oxycodone, versus OxyContin in a multi-ascending dose study with a bioequivalence arm in healthy volunteers","Kirkpatrick DL, Evans C, Pestano LA, Millard J, Johnston M, Mick E, Schmidt WK.","Clin Transl Sci. 2024 Mar;17(3):e13765. doi: 10.1111/cts.13765.","Kirkpatrick DL","Clin Transl Sci","2024","2024/03/21","PMC10955611","","10.1111/cts.13765"
"38675213","Development of Mechanistic In Vitro-In Vivo Extrapolation to Support Bioequivalence Assessment of Long-Acting Injectables","Amaral Silva D, Le Merdy M, Alam KD, Wang Y, Bao Q, Malavia N, Burgess D, Lukacova V.","Pharmaceutics. 2024 Apr 19;16(4):552. doi: 10.3390/pharmaceutics16040552.","Amaral Silva D","Pharmaceutics","2024","2024/04/27","PMC11054330","","10.3390/pharmaceutics16040552"
"23322527","Bioequivalence and pharmacokinetic evaluation of two formulations of risperidone 2 mg : an open-label, single-dose, fasting, randomized-sequence, two-way crossover study in healthy male Chinese volunteers","Liu Y, Zhang MQ, Jia JY, Liu YM, Liu GY, Li SJ, Wang W, Weng LP, Yu C.","Drugs R D. 2013 Mar;13(1):29-36. doi: 10.1007/s40268-012-0002-4.","Liu Y","Drugs R D","2013","2013/01/17","PMC3627046","","10.1007/s40268-012-0002-4"
"24493374","Similarities and differences of international guidelines for bioequivalence: an update of the Brazilian requirements","Rediguieri CF, Cristofoletti R, Soares KC, Tavares-Neto J.","AAPS J. 2014 Mar;16(2):350-1. doi: 10.1208/s12248-014-9570-2. Epub 2014 Feb 4.","Rediguieri CF","AAPS J","2014","2014/02/05","PMC3933585","","10.1208/s12248-014-9570-2"
"41012570","Development and Evaluation of a Modified Fixed-Dose Combination Antihypertensive Tablet Containing S-Amlodipine Besylate: A Bioequivalence and Stability Study","Moon HW, Jeong JH, Park CW.","Pharmaceutics. 2025 Sep 22;17(9):1235. doi: 10.3390/pharmaceutics17091235.","Moon HW","Pharmaceutics","2025","2025/09/27","PMC12473425","","10.3390/pharmaceutics17091235"
"32333407","Exploration of suitable pharmacodynamic parameters for acarbose bioequivalence evaluation: A series of clinical trials with branded acarbose","Huang J, Liu WY, Yu JJ, Yang JB, Li M, Zou C, Guo CX, Yang XY, Yang S, Xie JL, Huang ZJ, Chen H, Pei Q, Yang GP.","Br J Clin Pharmacol. 2020 Nov;86(11):2225-2233. doi: 10.1111/bcp.14324. Epub 2020 May 26.","Huang J","Br J Clin Pharmacol","2020","2020/04/26","PMC7576622","","10.1111/bcp.14324"
"34371741","Innovating on Inhaled Bioequivalence: A Critical Analysis of the Current Limitations, Potential Solutions and Stakeholders of the Process","Gallegos-Catalán J, Warnken Z, Bahamondez-Canas TF, Moraga-Espinoza D.","Pharmaceutics. 2021 Jul 9;13(7):1051. doi: 10.3390/pharmaceutics13071051.","Gallegos-Catalán J","Pharmaceutics","2021","2021/08/10","PMC8309038","","10.3390/pharmaceutics13071051"
"40017600","UPLC-MS/MS method for simultaneous determination of pyrantel, praziquantel, febantel, fenbendazole and oxfendazole in dog plasma and its application to a bioequivalence study","Zhang F, Guo F, Zhao X, Li C, Wang J, Wang M, Ma R, Chen B, Miao Q, Wang Y, Wang Z, Cao D, Yu Z.","Front Pharmacol. 2025 Feb 13;16:1544215. doi: 10.3389/fphar.2025.1544215. eCollection 2025.","Zhang F","Front Pharmacol","2025","2025/02/28","PMC11864945","","10.3389/fphar.2025.1544215"
"26122498","An Update of the Brazilian Regulatory Bioequivalence Recommendations for Approval of Generic Topical Dermatological Drug Products","Soares KC, Santos GM, Gelfuso GM, Gratieri T.","AAPS J. 2015 Nov;17(6):1517-8. doi: 10.1208/s12248-015-9801-1. Epub 2015 Jun 27.","Soares KC","AAPS J","2015","2015/07/01","PMC4627447","","10.1208/s12248-015-9801-1"
"22374384","An investigation into the utility of a multi-compartmental, dynamic, system of the upper gastrointestinal tract to support formulation development and establish bioequivalence of poorly soluble drugs","Dickinson PA, Abu Rmaileh R, Ashworth L, Barker RA, Burke WM, Patterson CM, Stainforth N, Yasin M.","AAPS J. 2012 Jun;14(2):196-205. doi: 10.1208/s12248-012-9333-x. Epub 2012 Feb 29.","Dickinson PA","AAPS J","2012","2012/03/01","PMC3326170","","10.1208/s12248-012-9333-x"
"35503886","Flow-through versus static in vitro percutaneous penetration at 50 years: Possible relevance for bioequivalence","Ajjarapu K, Maibach HI.","Skin Res Technol. 2022 Jul;28(4):540-543. doi: 10.1111/srt.13154. Epub 2022 May 3.","Ajjarapu K","Skin Res Technol","2022","2022/05/03","PMC9907696","","10.1111/srt.13154"
"40872584","Variations in Plasma Levels of Orally Administered Ivermectin Could Hamper Its Potential Drug Repositioning: Results of a Bioequivalence Study in Mexican Population","de la Puente E, Ramos-Mundo C, Flores-Pérez EI, Vergara-Castañeda A, Reyes-Grajeda JP, Medina-Reyes LJ, Ruiz-Olmedo MI, Loza-Mejía MA.","Pharmaceuticals (Basel). 2025 Aug 13;18(8):1193. doi: 10.3390/ph18081193.","de la Puente E","Pharmaceuticals (Basel)","2025","2025/08/28","PMC12389682","","10.3390/ph18081193"
"28344828","LC-MS/MS assay for quantitation of enalapril and enalaprilat in plasma for bioequivalence study in Indian subjects","Halder D, Dan S, Pal MM, Biswas E, Chatterjee N, Sarkar P, Halder UC, Pal TK.","Future Sci OA. 2017 Feb 2;3(1):FSO165. doi: 10.4155/fsoa-2016-0071. eCollection 2017 Mar.","Halder D","Future Sci OA","2017","2017/03/28","PMC5351712","","10.4155/fsoa-2016-0071"
"39042293","Pharmacokinetic Bioequivalence and Safety Assessment of Two Venlafaxine Hydrochloride Extended-Release Capsules in Healthy Chinese Subjects Under Fed Conditions: A Randomized, Open-Label, Single-Dose, Crossover Study","He Y, Wang J, Yao F, Lu P, Xie Y, Li X, Liu Q, Liu Y, Cao D, Liang J, Tian D, Liu G.","Drugs R D. 2024 Jun;24(2):275-283. doi: 10.1007/s40268-024-00470-w. Epub 2024 Jul 23.","He Y","Drugs R D","2024","2024/07/23","PMC11315838","","10.1007/s40268-024-00470-w"
"33673306","In Vitro-In Vivo Correlation (IVIVC) Population Modeling for the In Silico Bioequivalence of a Long-Acting Release Formulation of Progesterone","Tosca EM, Rocchetti M, Pérez E, Nieto C, Bettica P, Moscoso Del Prado J, Magni P, De Nicolao G.","Pharmaceutics. 2021 Feb 12;13(2):255. doi: 10.3390/pharmaceutics13020255.","Tosca EM","Pharmaceutics","2021","2021/03/06","PMC7918143","","10.3390/pharmaceutics13020255"
"25939332","Single-Dose, Randomized, Open-Label, Two-Way, Crossover Bioequivalence Study of Two Formulations of Pregabalin 300 mg Hard Capsules in Healthy Volunteers Under Fasting Conditions","Filipe A, Almeida S, Pedroso PF, Neves R, Marques S, Sicard E, Massicotte J, Ortuño J.","Drugs R D. 2015 Jun;15(2):195-201. doi: 10.1007/s40268-015-0094-8.","Filipe A","Drugs R D","2015","2015/05/06","PMC4488182","","10.1007/s40268-015-0094-8"
"22684402","Summary workshop report: Facilitating oral product development and reducing regulatory burden through novel approaches to assess bioavailability/bioequivalence","Polli JE, Cook JA, Davit BM, Dickinson PA, Argenti D, Barbour N, García-Arieta A, Geoffroy JM, Hartauer K, Li S, Mitra A, Muller FX, Purohit V, Sanchez-Felix M, Skoug JW, Tang K.","AAPS J. 2012 Sep;14(3):627-38. doi: 10.1208/s12248-012-9376-z. Epub 2012 Jun 9.","Polli JE","AAPS J","2012","2012/06/12","PMC3385831","","10.1208/s12248-012-9376-z"
"35771264","A randomized, open-label, two-cycle, two-crossover phase I clinical trial comparing the bioequivalence and safety of afatinib and Giotrif(®) in healthy Chinese subjects","Liu G, Xue J, Wang Y, Liu Z, Li X, Qu D, Su Z, Xu K, Qu X, Qu Z, Sun L, Cao M, Wang Y, Chen X, Yu J, Liu L, Deng Q, Zhao Y, Zhang L, Yang H.","J Cancer Res Clin Oncol. 2023 Jun;149(6):2585-2593. doi: 10.1007/s00432-022-04148-1. Epub 2022 Jun 30.","Liu G","J Cancer Res Clin Oncol","2023","2022/06/30","PMC11798258","","10.1007/s00432-022-04148-1"
"38186650","Evaluating the bioequivalence and safety of liraglutide injection versus Victoza(®) in healthy Chinese subjects: a randomized, open, two-cycle, self-crossover phase I clinical trial","Liu C, Xu H, Yuan F, Chen H, Sheng L, Chen W, Xie H, Xu H, Li X.","Front Pharmacol. 2023 Dec 22;14:1326865. doi: 10.3389/fphar.2023.1326865. eCollection 2023.","Liu C","Front Pharmacol","2023","2024/01/08","PMC10766854","","10.3389/fphar.2023.1326865"
"40284414","Pharmacokinetics, Pharmacodynamics, and Bioequivalence of Test Insulin Glargine Versus Reference Preparation (Lantus(®)) in Healthy Male Volunteers-By Euglycemic Clamp Technique","Li Z, Liu M, Tao Y, Wan L, Chen Y, Zhu M, Zhao H, Tang C.","Pharmaceutics. 2025 Mar 25;17(4):418. doi: 10.3390/pharmaceutics17040418.","Li Z","Pharmaceutics","2025","2025/04/26","PMC12030383","","10.3390/pharmaceutics17040418"
"26555980","Quantification of Lumefantrine in Human Plasma Using LC-MS/MS and Its Application to a Bioequivalence Study","Pingale SG, Mangaonkar KV.","J Pharm (Cairo). 2013;2013:437697. doi: 10.1155/2013/437697. Epub 2012 Sep 23.","Pingale SG","J Pharm (Cairo)","2013","2015/11/12","PMC4595938","","10.1155/2013/437697"
"29403968","Determination of torasemide in human plasma and its bioequivalence study by high-performance liquid chromatography with electrospray ionization tandem mass spectrometry","Zhang L, Wang R, Tian Y, Zhang Z.","J Pharm Anal. 2016 Apr;6(2):95-102. doi: 10.1016/j.jpha.2015.11.002. Epub 2015 Nov 11.","Zhang L","J Pharm Anal","2016","2018/02/07","PMC5762444","","10.1016/j.jpha.2015.11.002"
"39065611","Effects of Postprandial Factors and Second Meal Intake Time on Bioequivalence Investigation of Tadalafil-Loaded Orodispersible Films in Human Volunteers","Park SJ, Gil MC, Lee BS, Jung M, Lee BJ.","Pharmaceutics. 2024 Jul 9;16(7):915. doi: 10.3390/pharmaceutics16070915.","Park SJ","Pharmaceutics","2024","2024/07/27","PMC11280306","","10.3390/pharmaceutics16070915"
"24445345","Validation of a liquid chromatography-electrospray ionization-tandem mass spectrometry method for determination of all-trans retinoic acid in human plasma and its application to a bioequivalence study","Peng JB, Luo CH, Wang YC, Huang WH, Chen Y, Zhou HH, Tan ZR.","Molecules. 2014 Jan 17;19(1):1189-200. doi: 10.3390/molecules19011189.","Peng JB","Molecules","2014","2014/01/22","PMC6270799","","10.3390/molecules19011189"
"37600497","Comparative Pharmacokinetics and Bioequivalence Evaluation of Two Formulations of Pramipexole Dihydrochloride Extended-Release Tablets in Healthy Chinese Subjects Under Fasted and Fed States: A Randomized, Open-Label, Single-Dose, Two-Period Crossover Clinical Trial","Yang L, Zhang L, Luo Z.","Drug Des Devel Ther. 2023 Aug 15;17:2369-2381. doi: 10.2147/DDDT.S421449. eCollection 2023.","Yang L","Drug Des Devel Ther","2023","2023/08/21","PMC10439801","","10.2147/DDDT.S421449"
"27375978","Pooled bioequivalence study database from Turkey: characterization of adverse events and determination of split points based on Gini Index as a promising method","Gurer Ç, Çakmak Pehlivanli A, Çakmak Demircigil G.","Springerplus. 2016 Jun 13;5(1):709. doi: 10.1186/s40064-016-2527-4. eCollection 2016.","Gurer Ç","Springerplus","2016","2016/07/05","PMC4906091","","10.1186/s40064-016-2527-4"
"31971288","Immunosuppression with generic tacrolimus in liver and kidney transplantation-systematic review and meta-analysis on biopsy-proven acute rejection and bioequivalence","Kahn J, Pregartner G, Schemmer P.","Transpl Int. 2020 Apr;33(4):356-372. doi: 10.1111/tri.13581. Epub 2020 Feb 12.","Kahn J","Transpl Int","2020","2020/01/24","PMC7154701","","10.1111/tri.13581"
"28587612","Lipodox® (generic doxorubicin hydrochloride liposome injection): in vivo efficacy and bioequivalence versus Caelyx® (doxorubicin hydrochloride liposome injection) in human mammary carcinoma (MX-1) xenograft and syngeneic fibrosarcoma (WEHI 164) mouse models","Burade V, Bhowmick S, Maiti K, Zalawadia R, Ruan H, Thennati R.","BMC Cancer. 2017 Jun 6;17(1):405. doi: 10.1186/s12885-017-3377-3.","Burade V","BMC Cancer","2017","2017/06/08","PMC5461687","","10.1186/s12885-017-3377-3"
"20046786","A simplified HPLC method for quantification of torsemide from human plasma and its application to a bioequivalence study","Khan IJ, Loya P, Saraf MN.","Indian J Pharm Sci. 2008 Jul-Aug;70(4):519-22. doi: 10.4103/0250-474X.44609.","Khan IJ","Indian J Pharm Sci","2008","2010/01/05","PMC2792562","","10.4103/0250-474X.44609"
"39204129","Bioequivalence Analysis of Terazosin Hydrochloride Tablets Based on Parallel Artificial Membrane Permeability Analysis","Niu J, Huang H, Ji M, Zhang W, Huang Y, Ma L, Wang B, Liu Q.","Pharmaceuticals (Basel). 2024 Aug 5;17(8):1024. doi: 10.3390/ph17081024.","Niu J","Pharmaceuticals (Basel)","2024","2024/08/29","PMC11357005","","10.3390/ph17081024"
"24864138","Simple and Robust Analysis of Cefuroxime in Human Plasma by LC-MS/MS: Application to a Bioequivalence Study","Hu X, Huang M, Liu J, Chen J, Shentu J.","Adv Pharmacol Sci. 2014;2014:981624. doi: 10.1155/2014/981624. Epub 2014 Apr 24.","Hu X","Adv Pharmacol Sci","2014","2014/05/28","PMC4017793","","10.1155/2014/981624"
"34634661","Bioequivalence assessment of high-capacity polymeric micelle nanoformulation of paclitaxel and Abraxane® in rodent and non-human primate models using a stable isotope tracer assay","Hwang D, Vinod N, Skoczen SL, Ramsey JD, Snapp KS, Montgomery SA, Wang M, Lim C, Frank JE, Sokolsky-Papkov M, Li Z, Yuan H, Stern ST, Kabanov AV.","Biomaterials. 2021 Nov;278:121140. doi: 10.1016/j.biomaterials.2021.121140. Epub 2021 Oct 2.","Hwang D","Biomaterials","2021","2021/10/11","PMC10726948","NIHMS1749367","10.1016/j.biomaterials.2021.121140"
"36839731","Alternative Pharmacokinetic Metrics in Single-Dose Studies to Ensure Bioequivalence of Prolonged-Release Products at Steady State-A Case Study","Mangas-Sanjuán V, Simón M, González-Rojano E, Ochoa D, Abad-Santos F, Román M, Ramos M, Govantes C, García-Arieta A.","Pharmaceutics. 2023 Jan 26;15(2):409. doi: 10.3390/pharmaceutics15020409.","Mangas-Sanjuán V","Pharmaceutics","2023","2023/02/25","PMC9963605","","10.3390/pharmaceutics15020409"
"35441466","A randomized pharmacokinetic and pharmacodynamic trial of two regular human insulins demonstrates bioequivalence in type 1 diabetes and availability of biosimilar insulin may improve access to this medication","Vencio S, Caiado-Vencio R, Caixeta LF, Masierek M, Mlynarski W, Drzewoski J, Gregory JM.","Diabetes Obes Metab. 2022 Aug;24(8):1544-1552. doi: 10.1111/dom.14724. Epub 2022 May 13.","Vencio S","Diabetes Obes Metab","2022","2022/04/20","PMC10146588","NIHMS1890170","10.1111/dom.14724"
"27695531","Quantitative determination of betamethasone sodium phosphate and betamethasone dipropionate in human plasma by UPLC-MS/MS and a bioequivalence study","Chen MY, Tang YJ, Wang YC, Wang CZ, Yuan CS, Chen Y, Tan ZR, Huang WH, Zhou HH.","Anal Methods. 2016 May 7;8(17):3550-3563. doi: 10.1039/C6AY00202A. Epub 2016 Mar 29.","Chen MY","Anal Methods","2016","2016/10/04","PMC5042352","NIHMS786722","10.1039/C6AY00202A"
"37857359","Simultaneous determination of tramadol and paracetamol in human plasma using LC-MS/MS and application in bioequivalence study of -fixed-dose combination","Loh GOK, Wong EYL, Goh CZ, Tan YTF, Lee YL, Pang LH, Shahridzo SH, Damenthi N, Hermansyah A, Long CM, Peh KK.","Ann Med. 2023;55(2):2270502. doi: 10.1080/07853890.2023.2270502. Epub 2023 Oct 19.","Loh GOK","Ann Med","2023","2023/10/19","PMC10588528","","10.1080/07853890.2023.2270502"
"28531119","Quality Attributes and In Vitro Bioequivalence of Different Brands of Amoxicillin Trihydrate Tablets","Al-Tabakha MM, Fahelelbom KMS, Obaid DEE, Sayed S.","Pharmaceutics. 2017 May 20;9(2):18. doi: 10.3390/pharmaceutics9020018.","Al-Tabakha MM","Pharmaceutics","2017","2017/05/23","PMC5489935","","10.3390/pharmaceutics9020018"
"39251485","The Use of Systemically Absorbed Drugs to Explore An In Vitro Bioequivalence Approach For Comparing Non-Systemically Absorbed Active Pharmaceutical Ingredients in Drug Products For Use in Dogs","Martinez MN, Fahmy R, Li L, Herath K, Hollenbeck RG, Ibrahim A, Hoag SW, Longstaff D, Gao S, Myers MJ.","Pharm Res. 2024 Sep;41(9):1797-1809. doi: 10.1007/s11095-024-03766-3. Epub 2024 Sep 9.","Martinez MN","Pharm Res","2024","2024/09/09","PMC11436403","","10.1007/s11095-024-03766-3"
"36532731","A mechanistic physiologically based model to assess the effect of study design and modified physiology on formulation safe space for virtual bioequivalence of dermatological drug products","Clarke JF, Thakur K, Polak S.","Front Pharmacol. 2022 Dec 1;13:1007496. doi: 10.3389/fphar.2022.1007496. eCollection 2022.","Clarke JF","Front Pharmacol","2022","2022/12/19","PMC9756572","","10.3389/fphar.2022.1007496"
"38577255","The bioequivalence study design recommendations for immediate-release solid oral dosage forms in the international pharmaceutical regulators programme participating regulators and organisations: differences and commonalities","Fernandes EAF, van Oudtshoorn J, Tam A, González LCA, Aurela EG, Potthast H, Mettke K, Kuribayashi R, Shimojo K, Kasuga M, Morales L, Rodríguez Z, Jones B, Ahn C, Yun E, Kim SH, Rodrigues C, Tiong T, Crane C, Walther C, Roost MS, Chen TL, Hsu LF, Braddy AC, García-Arieta A, Abalos I, Divinsky M, Alsuwyeh A, Alzenaidy B, Alharf A.","J Pharm Pharm Sci. 2024 Mar 21;27:12398. doi: 10.3389/jpps.2024.12398. eCollection 2024.","Fernandes EAF","J Pharm Pharm Sci","2024","2024/04/05","PMC10993868","","10.3389/jpps.2024.12398"
"36605440","A multicenter randomized trials to compare the bioequivalence and safety of a generic doxorubicin hydrochloride liposome injection with Caelyx (®) in advanced breast cancer","Li Y, Qi L, Wang Y, Li Y, Lei C, Zhang Y, Cheng X, Liu J, Bai H, Zhao X, Lv S, Xiong B, Liu J, Shi Y, Zhou H, Li H, Liu L, Jiang H, Ouyang W, Li X, Li Y, Wang X.","Front Oncol. 2022 Dec 20;12:1070001. doi: 10.3389/fonc.2022.1070001. eCollection 2022.","Li Y","Front Oncol","2022","2023/01/06","PMC9810385","","10.3389/fonc.2022.1070001"
"36897521","A Bioequivalence Study of Ezetimibe/Rosuvastatin Fixed Dose Combination (10 mg/10 mg) Versus the Individual Formulations Taken Concomitantly","Di Y, Wang Z, Jia C, Xie X, Yang S, Wang W, Xie X, Wang Q, Hu C, Xie F, Abdel-Moneim M, Hovsepian L, Wu Y, Yang N, Hou J.","Adv Ther. 2023 May;40(5):2205-2216. doi: 10.1007/s12325-023-02439-8. Epub 2023 Mar 10.","Di Y","Adv Ther","2023","2023/03/10","PMC10129950","","10.1007/s12325-023-02439-8"
"36710372","Establishing the suitability of model-integrated evidence to demonstrate bioequivalence for long-acting injectable and implantable drug products: Summary of workshop","Gong Y, Zhang P, Yoon M, Zhu H, Kohojkar A, Hooker AC, Ducharme MP, Gobburu J, Cellière G, Gajjar P, Li BV, Velagapudi R, Tsang YC, Schwendeman A, Polli J, Fang L, Lionberger R, Zhao L.","CPT Pharmacometrics Syst Pharmacol. 2023 May;12(5):624-630. doi: 10.1002/psp4.12931. Epub 2023 Feb 9.","Gong Y","CPT Pharmacometrics Syst Pharmacol","2023","2023/01/30","PMC10196434","","10.1002/psp4.12931"
"39339502","Development of a Simple and Validated LC-MS/MS Method for Quantitative Determination of Ketotifen in Beagle Dog Plasma and Its Application to Bioequivalence Study of Ketotifen Syrup Dosage Form","Song E, Shim WS, Choi D, Song Y, Jo HG, Lee S, Jung SH, Choi YJ, Lee KT.","Molecules. 2024 Sep 23;29(18):4505. doi: 10.3390/molecules29184505.","Song E","Molecules","2024","2024/09/28","PMC11433888","","10.3390/molecules29184505"
"31802398","Authors' Reply to Nicolas: ""Why Were More than 200 Subjects Required to Demonstrate the Bioequivalence of a New Formulation of Levothyroxine with an Old One?""","Concordet D, Gandia P, Montastruc JL, Bousquet-Mélou A, Lees P, Ferran AA, Toutain PL.","Clin Pharmacokinet. 2020 Feb;59(2):277-279. doi: 10.1007/s40262-019-00851-4.","Concordet D","Clin Pharmacokinet","2020","2019/12/06","PMC7007421","","10.1007/s40262-019-00851-4"
"33364947","Pharmacokinetics and Bioequivalence of Rasagiline Tablets in Chinese Healthy Subjects Under Fasting and Fed Conditions: An Open, Randomized, Single-Dose, Double-Cycle, Two-Sequence, Crossover Trial","Li Y, Qi L, Bai H, Liu Y, Fan R, Tu Y, Sun Y, Wang J, Qi Q, Feng X, Zhou D, Wang X.","Front Pharmacol. 2020 Dec 3;11:571747. doi: 10.3389/fphar.2020.571747. eCollection 2020.","Li Y","Front Pharmacol","2020","2020/12/28","PMC7750811","","10.3389/fphar.2020.571747"
"24648579","Bioequivalence of 2 azithromycin capsule formulations: a randomized, single-dose, open-label, 2-period crossover study in healthy male pakistani volunteers","Samiullah, Iqbal Z, Khan MI, Khan A, Khan A, Shah Y, Ahmad L.","Curr Ther Res Clin Exp. 2011 Jun;72(3):95-108. doi: 10.1016/j.curtheres.2011.04.001.","Samiullah","Curr Ther Res Clin Exp","2011","2014/03/21","PMC3957164","","10.1016/j.curtheres.2011.04.001"
"20502569","Implication of enterohepatic re-circulation on single dose bioequivalence evaluation of two brands of clonidine hydrochloride tablets in healthy human volunteers","Mehta HR, Patel IK, Patel NH, Patel DM, Parmar AB.","Indian J Pharm Sci. 2009 Sep;71(5):515-20. doi: 10.4103/0250-474X.58181.","Mehta HR","Indian J Pharm Sci","2009","2010/05/27","PMC2866342","","10.4103/0250-474X.58181"
"32982466","Meeting Regulatory Requirements for Drugs with a Narrow Therapeutic Index: Bioequivalence Studies of Generic Once-Daily Tacrolimus","Gantar K, Škerget K, Mochkin I, Bajc A.","Drug Healthc Patient Saf. 2020 Sep 8;12:151-160. doi: 10.2147/DHPS.S256455. eCollection 2020.","Gantar K","Drug Healthc Patient Saf","2020","2020/09/28","PMC7489937","","10.2147/DHPS.S256455"
"37765205","Understanding Discordance between In Vitro Dissolution, Local Gut and Systemic Bioequivalence of Budesonide in Healthy and Crohn's Disease Patients through PBPK Modeling","Han C, Sun T, Chirumamilla SK, Bois FY, Xu M, Rostami-Hodjegan A.","Pharmaceutics. 2023 Aug 30;15(9):2237. doi: 10.3390/pharmaceutics15092237.","Han C","Pharmaceutics","2023","2023/09/28","PMC10535222","","10.3390/pharmaceutics15092237"
"33628334","Bioequivalence of intramuscular and subcutaneous peginterferon beta-1a: results of a phase I, open-label crossover study in healthy volunteers","Zhao Y, Chen K, Ramia N, Sahu S, Kumar A, Naylor ML, Zhu L, Naik H, Butts CL.","Ther Adv Neurol Disord. 2021 Jan 22;14:1756286420975227. doi: 10.1177/1756286420975227. eCollection 2021.","Zhao Y","Ther Adv Neurol Disord","2021","2021/02/25","PMC7883310","","10.1177/1756286420975227"
"30140492","Quantitation of tadalafil in human plasma using a sensitive and rapid LC-MS/MS method for a bioequivalence study","Bhadoriya A, Dasandi B, Parmar D, Shah PA, Shrivastav PS.","J Pharm Anal. 2018 Aug;8(4):271-276. doi: 10.1016/j.jpha.2018.01.003. Epub 2018 Jan 31.","Bhadoriya A","J Pharm Anal","2018","2018/08/25","PMC6104147","","10.1016/j.jpha.2018.01.003"
"36483734","Dermal open flow microperfusion for PK-based clinical bioequivalence studies of topical drug products","Birngruber T, Tiffner KI, Mautner SI, Sinner FM.","Front Pharmacol. 2022 Nov 22;13:1061178. doi: 10.3389/fphar.2022.1061178. eCollection 2022.","Birngruber T","Front Pharmacol","2022","2022/12/09","PMC9723326","","10.3389/fphar.2022.1061178"
"22291058","Rapid and specific approach for direct measurement of glimepiride in human plasma by LC-ESI-MS-MS employing automated 96 well format: application to a bioequivalence study","Kundlik ML, Zaware BH, Kuchekar SR.","J Chromatogr Sci. 2012 Jan;50(1):64-70. doi: 10.1093/chromsci/bmr005.","Kundlik ML","J Chromatogr Sci","2012","2012/02/01","PMC3252129","","10.1093/chromsci/bmr005"
"28344480","Changing paradigms in bioequivalence trials submitted to the EMA for evaluation - A clinical and regulatory perspective","Refalo N, Chetcuti D, Tanti A, Serracino-Inglott A, Borg JJ.","Saudi Pharm J. 2017 Feb;25(2):280-289. doi: 10.1016/j.jsps.2016.07.005. Epub 2016 Jul 29.","Refalo N","Saudi Pharm J","2017","2017/03/28","PMC5355546","","10.1016/j.jsps.2016.07.005"
"34378861","Pharmacokinetic and pharmacodynamic bioequivalence of biosimilar MYL-1601D with US and European insulin aspart in healthy volunteers: A randomized, double-blind, crossover, euglycaemic glucose clamp study","Hövelmann U, Raiter Y, Chullikana A, Liu M, Donnelly C, Lawrence T, Sengupta N, Cl G, Ranganna G, Barve A.","Diabetes Obes Metab. 2021 Dec;23(12):2670-2678. doi: 10.1111/dom.14519. Epub 2021 Aug 25.","Hövelmann U","Diabetes Obes Metab","2021","2021/08/11","PMC9292719","","10.1111/dom.14519"
"40143131","Bioequivalence Study of Two Oral Methocarbamol Formulations in Healthy Subjects Under Fasting Conditions: A Randomized, Open-Label, Crossover Clinical Trial","Ascaso-Del-Rio A, Camargo-Mamani P, Gilaberte I, Díez-Hochleitner M, Laredo-Velasco L, Iglesias-Hernangómez T, Salas-Butrón MR, Galán Caballero L, Díaz-Rengifo IA, Pérez-Ingidua C, Vargas-Castrillón E, Portolés-Pérez A.","Pharmaceuticals (Basel). 2025 Mar 1;18(3):354. doi: 10.3390/ph18030354.","Ascaso-Del-Rio A","Pharmaceuticals (Basel)","2025","2025/03/27","PMC11946590","","10.3390/ph18030354"
"35464212","Simultaneous Quantitation of Clevidipine and Its Active Metabolite H152/81 in Human Whole Blood by LC-MS/MS: Application to Bioequivalence Study","Li P, Wu H, Zhao Z, Du P, Xu H, Liu H, Zhou Y, Yu W, Li H, Liu L.","Front Chem. 2022 Apr 7;10:861952. doi: 10.3389/fchem.2022.861952. eCollection 2022.","Li P","Front Chem","2022","2022/04/25","PMC9021437","","10.3389/fchem.2022.861952"
"31190752","Bioequivalence of paclitaxel protein-bound particles in patients with breast cancer: determining total and unbound paclitaxel in plasma by rapid equilibrium dialysis and liquid chromatography-tandem mass spectrometry","Li J, Li W, Dai X, Zhong D, Ding Y, Chen X.","Drug Des Devel Ther. 2019 May 20;13:1739-1749. doi: 10.2147/DDDT.S200679. eCollection 2019.","Li J","Drug Des Devel Ther","2019","2019/06/14","PMC6535670","","10.2147/DDDT.S200679"
"34805090","Combined Methodologies for Determining In Vitro Bioavailability of Drugs and Prediction of In Vivo Bioequivalence From Pharmaceutical Oral Formulations","De Simone A, Davani L, Montanari S, Tumiatti V, Avanessian S, Testi F, Andrisano V.","Front Chem. 2021 Nov 3;9:741876. doi: 10.3389/fchem.2021.741876. eCollection 2021.","De Simone A","Front Chem","2021","2021/11/22","PMC8597939","","10.3389/fchem.2021.741876"
"36331670","Pharmacokinetics of Morphine Sulfate Orodispersible Tablets and Bioequivalence with Immediate-Release Oral Morphine Sulfate Formulations in Healthy Adult Subjects Under Fasting Conditions: Single-Dose Comparative Bioavailability Studies","Atrux-Tallau N, Naimi Z, Jaudinot EO.","Clin Drug Investig. 2022 Dec;42(12):1101-1112. doi: 10.1007/s40261-022-01214-x. Epub 2022 Nov 4.","Atrux-Tallau N","Clin Drug Investig","2022","2022/11/04","PMC9705466","","10.1007/s40261-022-01214-x"
"31540410","Cutaneous Biodistribution: A High-Resolution Methodology to Assess Bioequivalence in Topical Skin Delivery","Quartier J, Capony N, Lapteva M, Kalia YN.","Pharmaceutics. 2019 Sep 18;11(9):484. doi: 10.3390/pharmaceutics11090484.","Quartier J","Pharmaceutics","2019","2019/09/22","PMC6781275","","10.3390/pharmaceutics11090484"
"35419315","Ultrafast liquid chromatography-tandem mass spectrometry determination of donepezil in human plasma: application to a bioequivalence study","Huang YW, Ding L, Chen YM, Lin WC, Lin F, Hsieh Y.","Transl Clin Pharmacol. 2022 Mar;30(1):37-48. doi: 10.12793/tcp.2022.30.e1. Epub 2022 Feb 24.","Huang YW","Transl Clin Pharmacol","2022","2022/04/14","PMC8979757","","10.12793/tcp.2022.30.e1"
"37786330","Bioequivalence study of dacomitinib and Vizimpro® in healthy Chinese volunteers under fasting and fed conditions: A randomized, open-label, single-dose, crossover trial","Yang X, Li J, Zhang T, Xia Q, Zhang W, Cui Y, He W.","Clin Transl Sci. 2023 Dec;16(12):2591-2603. doi: 10.1111/cts.13653. Epub 2023 Oct 19.","Yang X","Clin Transl Sci","2023","2023/10/03","PMC10719465","","10.1111/cts.13653"
"31806934","Erratum: The Effect Of Food On The Pharmacokinetic Properties And Bioequivalence Of Two Formulations Of Levocetirizine Dihydrochloride In Healthy Chinese Volunteers [Erratum]","","Drug Des Devel Ther. 2019 Nov 7;13:3835. doi: 10.2147/DDDT.S236661. eCollection 2019.","","Drug Des Devel Ther","2019","2019/12/07","PMC6849329","","10.2147/DDDT.S236661"
"30690756","Response to 'Sex-by-formulation interaction in bioequivalence studies: the importance of formulations and experimental conditions' by Ibarra et al","González-Rojano E, Abad-Santos F, Gordon J, García-Arieta A.","Br J Clin Pharmacol. 2019 Apr;85(4):857-858. doi: 10.1111/bcp.13860. Epub 2019 Jan 28.","González-Rojano E","Br J Clin Pharmacol","2019","2019/01/29","PMC6422725","","10.1111/bcp.13860"
"32036412","Evaluation of the bioequivalence and food effect on the bioavailability of CC-486 (oral azacitidine) tablets in adult patients with cancer","Babiker HM, Milhem M, Aisner J, Edenfield W, Shepard D, Savona M, Iyer S, Abdelrahim M, Beach CL, Skikne B, Laille E, Tsai KT, Ho T.","Cancer Chemother Pharmacol. 2020 Mar;85(3):621-626. doi: 10.1007/s00280-020-04037-9. Epub 2020 Feb 8.","Babiker HM","Cancer Chemother Pharmacol","2020","2020/02/10","PMC7036073","","10.1007/s00280-020-04037-9"
"24250673","Rapid high performance liquid chromatographic method for determination of clarithromycin in human plasma using amperometric detection: application in pharmacokinetic and bioequivalence studies","Foroutan SM, Zarghi A, Shafaati A, Madadian B, Abolfathi F.","Iran J Pharm Res. 2013 Winter;12(Suppl):65-9.","Foroutan SM","Iran J Pharm Res","2013","2013/11/20","PMC3813357","",""
"21179354","Method development and validation of montelukast in human plasma by HPLC coupled with ESI-MS/MS: application to a bioequivalence study","Challa BR, Awen BZ, Chandu BR, Khagga M, Kotthapalli CB.","Sci Pharm. 2010 Jul-Sep;78(3):411-22. doi: 10.3797/scipharm.1002-07. Epub 2010 Jun 4.","Challa BR","Sci Pharm","2010","2010/12/24","PMC3002811","","10.3797/scipharm.1002-07"
"40337512","Pharmacokinetics and bioequivalence assessment of two prucalopride formulations in healthy Chinese women: a randomized, open-label, two-period, two-sequence, self-crossover study","Huang X, Wang Y, Li B, Shen X, Tao X, Zheng W, Luo Q, Xiong L, Wang L, Cai S.","Front Pharmacol. 2025 Apr 23;16:1562692. doi: 10.3389/fphar.2025.1562692. eCollection 2025.","Huang X","Front Pharmacol","2025","2025/05/08","PMC12056373","","10.3389/fphar.2025.1562692"
"41155987","Virtual Bioequivalence Assessment and Dissolution Safe Space Exploration for Fixed-Dose Metformin-Glyburide Tablet Using Physiologically Based Biopharmaceutics Modeling","Zhao C, Shen C, Xiao Y, Wang L.","Pharmaceutics. 2025 Oct 20;17(10):1352. doi: 10.3390/pharmaceutics17101352.","Zhao C","Pharmaceutics","2025","2025/10/29","PMC12566952","","10.3390/pharmaceutics17101352"
"32656160","Pharmacokinetics and bioequivalence of fixed-dose combination of candesartan cilexetil/amlodipine besylate (16/10 mg) versus coadministration of individual formulations in healthy subjects","Lee HW, Kang WY, Jung W, Gwon MR, Yang DH, Kim EH, Cho K, Yoon YR, Seong SJ.","Transl Clin Pharmacol. 2020 Jun;28(2):92-101. doi: 10.12793/tcp.2020.28.e8. Epub 2020 Jun 24.","Lee HW","Transl Clin Pharmacol","2020","2020/07/14","PMC7327189","","10.12793/tcp.2020.28.e8"
"38399313","Can 3D Printed Tablets Be Bioequivalent and How to Test It: A PBPK Model Based Virtual Bioequivalence Study for Ropinirole Modified Release Tablets","Shuklinova O, Wyszogrodzka-Gaweł G, Baran E, Lisowski B, Wiśniowska B, Dorożyński P, Kulinowski P, Polak S.","Pharmaceutics. 2024 Feb 9;16(2):259. doi: 10.3390/pharmaceutics16020259.","Shuklinova O","Pharmaceutics","2024","2024/02/24","PMC10893163","","10.3390/pharmaceutics16020259"
"32095471","Development of a simple and sensitive HPLC-MS/MS method for determination of diazepam in human plasma and its application to a bioequivalence study","Kim DH, Cho JY, Chae SI, Kang BK, An TG, Shim WS, Noh YS, Hwang SJ, Chung EK, Lee KT.","Transl Clin Pharmacol. 2017 Dec;25(4):173-178. doi: 10.12793/tcp.2017.25.4.173. Epub 2017 Dec 20.","Kim DH","Transl Clin Pharmacol","2017","2020/02/26","PMC7033404","","10.12793/tcp.2017.25.4.173"
"35978315","Testing P2Y12 platelet inhibitors generics beyond bioequivalence: a parallel single-blinded randomized trial","Zarif B, Soliman L, Sabry NA, Said E.","Thromb J. 2022 Aug 17;20(1):44. doi: 10.1186/s12959-022-00405-y.","Zarif B","Thromb J","2022","2022/08/17","PMC9382000","","10.1186/s12959-022-00405-y"
"37376185","Methylphenidate Multiphasic Release Tablet: Bioequivalence Assessment between Two Formulations Administered under Fasting and Fed Conditions","Davanço MG, Meulman J, da Silva TM, Costa F, Bellorio KB, Mundim IM, Sampaio ACC, Teixeira LS, Vespasiano CFP.","Pharmaceutics. 2023 Jun 14;15(6):1737. doi: 10.3390/pharmaceutics15061737.","Davanço MG","Pharmaceutics","2023","2023/06/28","PMC10304685","","10.3390/pharmaceutics15061737"
"39771558","Unveiling the Potential of C(max)f(2) Factor Applied to Pilot Bioavailability/Bioequivalence Studies-A Case Study with Pazopanib Drug Products","Henriques SC, Leblanc A, Simões S, Fonseca M, Pimentel FL, Almeida L, Silva NE.","Pharmaceutics. 2024 Dec 11;16(12):1579. doi: 10.3390/pharmaceutics16121579.","Henriques SC","Pharmaceutics","2024","2025/01/08","PMC11678822","","10.3390/pharmaceutics16121579"
"29922490","Sensitive and rapid determination of amantadine without derivatization in human plasma by LC-MS/MS for a bioequivalence study","Bhadoriya A, Rathnam S, Dasandi B, Parmar D, Sanyal M, Shrivastav PS.","J Pharm Anal. 2018 Jun;8(3):202-207. doi: 10.1016/j.jpha.2017.10.003. Epub 2018 Feb 21.","Bhadoriya A","J Pharm Anal","2018","2018/06/21","PMC6004625","","10.1016/j.jpha.2017.10.003"
"31646194","Pharmacokinetics of prednisolone in children: an open-label, randomised, two-treatment cross-over trial investigating the bioequivalence of different prednisolone formulations in children with airway disease","Haslund-Krog SS, Schmidt M, Mathot R, Kryger Jensen A, Jørgensen IM, Holst H.","BMJ Paediatr Open. 2019 Sep 26;3(1):e000520. doi: 10.1136/bmjpo-2019-000520. eCollection 2019.","Haslund-Krog SS","BMJ Paediatr Open","2019","2019/10/25","PMC6782035","","10.1136/bmjpo-2019-000520"
"38974341","Pharmacokinetics and bioequivalence study of candesartan cilexetil tablet in Chinese volunteers under fasting condition: an open-label, randomized-sequence, 2-period crossover study","Han M, He Y, Liang J, Yao F, Lu P, Yan H, Wang J, Xie Y, Li X, Liu Q, Liu Y, Yuan B, Zhou M.","Transl Clin Pharmacol. 2024 Jun;32(2):107-114. doi: 10.12793/tcp.2024.32.e10. Epub 2024 Jun 26.","Han M","Transl Clin Pharmacol","2024","2024/07/08","PMC11224900","","10.12793/tcp.2024.32.e10"
"32748570","Safety, Tolerability, and Dose Proportionality of a Novel Transdermal Fentanyl Matrix Patch and Bioequivalence With a Matrix Fentanyl Patch: Two Phase 1 Single-Center Open-Label, Randomized Crossover Studies in Healthy Japanese Volunteers","Lorch U, Pierscionek T, Freier A, Spencer CS, Täubel J.","Clin Pharmacol Drug Dev. 2021 Mar;10(3):260-271. doi: 10.1002/cpdd.846. Epub 2020 Aug 3.","Lorch U","Clin Pharmacol Drug Dev","2021","2020/08/05","PMC7984375","","10.1002/cpdd.846"
"29403876","Improved simultaneous quantitation of candesartan and hydrochlorthiazide in human plasma by UPLC-MS/MS and its application in bioequivalence studies","Singh B, Lokhandae RS, Dwivedi A, Sharma S, Dubey N.","J Pharm Anal. 2014 Apr;4(2):144-152. doi: 10.1016/j.jpha.2013.05.003. Epub 2013 Jun 19.","Singh B","J Pharm Anal","2014","2018/02/07","PMC5761088","","10.1016/j.jpha.2013.05.003"
"28117319","Investigation of the Bioequivalence of Rosuvastatin 20 mg Tablets after a Single Oral Administration in Mediterranean Arabs Using a Validated LC-MS/MS Method","Zaid AN, Al Ramahi R, Cortesi R, Mousa A, Jaradat N, Ghazal N, Bustami R.","Sci Pharm. 2016 Jun 30;84(3):536-546. doi: 10.3390/scipharm84030536.","Zaid AN","Sci Pharm","2016","2017/01/25","PMC5064244","","10.3390/scipharm84030536"
"32095472","A post hoc analysis of intra-subject coefficients of variation in pharmacokinetic measures to calculate optimal sample sizes for bioequivalence studies","Chung I, Oh J, Lee S, Jang IJ, Lee Y, Chung JY.","Transl Clin Pharmacol. 2017 Dec;25(4):179-182. doi: 10.12793/tcp.2017.25.4.179. Epub 2017 Dec 20.","Chung I","Transl Clin Pharmacol","2017","2020/02/26","PMC7033408","","10.12793/tcp.2017.25.4.179"
"30595944","Highly sensitive LC-MS/MS method to estimate doxepin and its metabolite nordoxepin in human plasma for a bioequivalence study","Patel NP, Sanyal M, Sharma N, Patel DS, Shrivastav PS, Patel BN.","J Pharm Anal. 2018 Dec;8(6):378-385. doi: 10.1016/j.jpha.2017.06.004. Epub 2017 Jun 16.","Patel NP","J Pharm Anal","2018","2019/01/01","PMC6308917","","10.1016/j.jpha.2017.06.004"
"32055541","A post hoc analysis of intra-subject coefficients of variation in pharmacokinetic measures to calculate optimal sample sizes for bioequivalence studies","Chung I, Oh J, Lee S, Jang IJ, Lee Y, Chung JY.","Transl Clin Pharmacol. 2018 Mar;26(1):6-9. doi: 10.12793/tcp.2018.26.1.6. Epub 2018 Mar 16.","Chung I","Transl Clin Pharmacol","2018","2020/02/15","PMC6989220","","10.12793/tcp.2018.26.1.6"
"37765162","Development of an In Vitro Methodology to Assess the Bioequivalence of Orally Disintegrating Tablets Taken without Water","Takagi T, Masada T, Minami K, Kataoka M, Yamashita S.","Pharmaceutics. 2023 Aug 24;15(9):2192. doi: 10.3390/pharmaceutics15092192.","Takagi T","Pharmaceutics","2023","2023/09/28","PMC10535823","","10.3390/pharmaceutics15092192"
"31396085","Method Validation for Simultaneous Quantification of Olmesartan and Hydrochlorothiazide in Human Plasma Using LC-MS/MS and Its Application Through Bioequivalence Study in Healthy Volunteers","Kumar A, Dwivedi SP, Prasad T.","Front Pharmacol. 2019 Jul 23;10:810. doi: 10.3389/fphar.2019.00810. eCollection 2019.","Kumar A","Front Pharmacol","2019","2019/08/10","PMC6664239","","10.3389/fphar.2019.00810"
"29403920","Quantification of 17-desacetyl norgestimate in human plasma by liquid chromatography-tandem mass spectrometry (LC-MS/MS) and its application to bioequivalence study","Saxena A, Gupta AK, Kumar VP, Nainar MS, Bob M, Kasibhatta R.","J Pharm Anal. 2015 Apr;5(2):93-100. doi: 10.1016/j.jpha.2014.09.004. Epub 2014 Sep 22.","Saxena A","J Pharm Anal","2015","2018/02/07","PMC5761467","","10.1016/j.jpha.2014.09.004"
"36819512","Pharmacokinetics and bioequivalence study of montelukast sodium oral soluble film and chewable tablet in healthy Chinese volunteers: randomized trials under fasting and fed conditions","Zhu G, Wang L, Han S, Peng H, Tong M, Gu X, Hu H, Wang Y, Lv Z, He X.","Ann Transl Med. 2023 Jan 31;11(2):93. doi: 10.21037/atm-22-6485.","Zhu G","Ann Transl Med","2023","2023/02/23","PMC9929805","","10.21037/atm-22-6485"
"37111730","Development of Clinically Optimized Sitagliptin and Dapagliflozin Complex Tablets: Pre-Formulation, Formulation, and Human Bioequivalence Studies","Kang SJ, Kim JE.","Pharmaceutics. 2023 Apr 14;15(4):1246. doi: 10.3390/pharmaceutics15041246.","Kang SJ","Pharmaceutics","2023","2023/04/28","PMC10141516","","10.3390/pharmaceutics15041246"
"32457106","Open-Label Crossover Oral Bioequivalence Pharmacokinetics Comparison for a 3-Day Loading Dose Regimen and 15-Day Steady-State Administration of SUBA-Itraconazole and Conventional Itraconazole Capsules in Healthy Adults","Thompson GR 3rd, Lewis P, Mudge S, Patterson TF, Burnett BP.","Antimicrob Agents Chemother. 2020 Jul 22;64(8):e00400-20. doi: 10.1128/AAC.00400-20. Print 2020 Jul 22.","Thompson GR 3rd","Antimicrob Agents Chemother","2020","2020/05/28","PMC7526808","","10.1128/AAC.00400-20"
"35893811","Reconstructed Human Epidermis: An Alternative Approach for In Vitro Bioequivalence Testing of Topical Products","Agonia AS, Palmeira-de-Oliveira A, Cardoso C, Augusto C, Pellevoisin C, Videau C, Dinis-Oliveira RJ, Palmeira-de-Oliveira R.","Pharmaceutics. 2022 Jul 26;14(8):1554. doi: 10.3390/pharmaceutics14081554.","Agonia AS","Pharmaceutics","2022","2022/07/27","PMC9331624","","10.3390/pharmaceutics14081554"
"31060289","In Silico Prediction of Plasma Concentrations of Fluconazole Capsules with Different Dissolution Profiles and Bioequivalence Study Using Population Simulation","Duque MD, Silva DA, Issa MG, Porta V, Löbenberg R, Ferraz HG.","Pharmaceutics. 2019 May 5;11(5):215. doi: 10.3390/pharmaceutics11050215.","Duque MD","Pharmaceutics","2019","2019/05/08","PMC6571621","","10.3390/pharmaceutics11050215"
"34068036","The Implications of Regulatory Framework for Topical Semisolid Drug Products: From Critical Quality and Performance Attributes towards Establishing Bioequivalence","Ilić T, Pantelić I, Savić S.","Pharmaceutics. 2021 May 13;13(5):710. doi: 10.3390/pharmaceutics13050710.","Ilić T","Pharmaceutics","2021","2021/06/02","PMC8152494","","10.3390/pharmaceutics13050710"
"31991540","Development and Validation of Liquid Chromatography-Tandem Mass Spectrometry Method for Simple Analysis of Sumatriptan and its Application in Bioequivalence Study","Wichitnithad W, Nantaphol S, Vicheantawatchai P, Kiatkumjorn T, Wangkangwan W, Rojsitthisak P.","Pharmaceuticals (Basel). 2020 Jan 24;13(2):21. doi: 10.3390/ph13020021.","Wichitnithad W","Pharmaceuticals (Basel)","2020","2020/01/30","PMC7169407","","10.3390/ph13020021"
"39478967","Pharmacokinetics and bioequivalence of two formulations of mifepristone tablets in healthy Chinese subjects under fasting conditions: a single-center, open, randomized, single-dose, double-period, two-sequence, crossover trial","Yan Y, Zhu X, Dong P, Liu C, Lu L, Zeng L, Chen G, Meng X, Liu M.","Front Pharmacol. 2024 Oct 16;15:1479205. doi: 10.3389/fphar.2024.1479205. eCollection 2024.","Yan Y","Front Pharmacol","2024","2024/10/31","PMC11522854","","10.3389/fphar.2024.1479205"
"36526947","Bioequivalence Evaluation in Healthy Volunteers: New Generic Formulations of Sitagliptin and Sitagliptin-Metformin Fixed-Dose Combination Compared with the Originator Products","Schnaars Y, Gaikwad S, Gottwald-Hostalek U, Uhl W, Ribot O, Varanasi KVS, Rodríguez L, Torrejón J, Gómez L.","Diabetes Ther. 2023 Feb;14(2):347-362. doi: 10.1007/s13300-022-01349-2. Epub 2022 Dec 16.","Schnaars Y","Diabetes Ther","2023","2022/12/16","PMC9943811","","10.1007/s13300-022-01349-2"
"","Adaptive two-stage bioequivalence trials with early stopping and sample size re-estimation","Koenig F, Wolfsegger M, Jaki T, Schütz H, Wassmer G.","Trials. 2015 Nov 16;16(Suppl 2):P218. doi: 10.1186/1745-6215-16-S2-P218. eCollection 2015.","Koenig F","Trials","2015","","PMC4660334","","10.1186/1745-6215-16-S2-P218"
"29403810","Simultaneous quantification of prodrug oseltamivir and its metabolite oseltamivir carboxylate in human plasma by LC-MS/MS to support a bioequivalence study","Gupta A, Guttikar S, Shrivastav PS, Sanyal M.","J Pharm Anal. 2013 Jun;3(3):149-160. doi: 10.1016/j.jpha.2012.11.004. Epub 2012 Dec 6.","Gupta A","J Pharm Anal","2013","2018/02/07","PMC5760963","","10.1016/j.jpha.2012.11.004"
"27536434","Bioequivalence study of two subcutaneous formulations of dalteparin: randomized, single-dose, two-sequence, two-period, cross-over study in healthy volunteers","Gadiko C, Tippabhotla SK, Thota S, Nakkawar M, Cheerla R, Betha MR, Vobalaboina V.","J Drug Assess. 2013 Mar 4;2(1):21-9. doi: 10.3109/21556660.2013.781504. eCollection 2013.","Gadiko C","J Drug Assess","2013","2016/08/19","PMC4937650","","10.3109/21556660.2013.781504"
"41012529","Improved Dual-Modality Bioequivalence Evaluation of Topical Formulations Within Human Skin Using Stimulated Raman Scattering Microscopy","Tu D, Lemberger NS, Wallmeier K, Riseman J, Kuzma BA, Wei Y, Khoo TC, Rantou E, Ghosh P, Luke MC, Raney SG, Fallnich C, Evans CL.","Pharmaceutics. 2025 Sep 13;17(9):1193. doi: 10.3390/pharmaceutics17091193.","Tu D","Pharmaceutics","2025","2025/09/27","PMC12473907","","10.3390/pharmaceutics17091193"
"38041794","Bioequivalence Study of Two Tablet Formulations of Clonazepam 2 mg: A Randomized, Open-Label, Crossover Study in Healthy Mexican Volunteers Under Fasting Conditions","Genis-Najera L, Sañudo-Maury ME.","Neurol Ther. 2024 Feb;13(1):141-152. doi: 10.1007/s40120-023-00567-5. Epub 2023 Dec 2.","Genis-Najera L","Neurol Ther","2024","2023/12/02","PMC10787705","","10.1007/s40120-023-00567-5"
"37291796","Two-Way Crossover Phase 1 Bioequivalence and Safety Studies in Healthy Adults for a Ready-to-Use, Room-Temperature, Liquid-Stable Glucagon Administered by Autoinjector, Prefilled Syringe, or Vial and Syringe","Junaidi MK, Krecic MR, Close NC, Conoscenti V.","J Diabetes Sci Technol. 2024 Nov;18(6):1399-1407. doi: 10.1177/19322968231179164. Epub 2023 Jun 8.","Junaidi MK","J Diabetes Sci Technol","2024","2023/06/09","PMC11529056","","10.1177/19322968231179164"
"37435189","Bioequivalence Studies of Sildenafil Citrate Orodispersible Film Administered with and without Water vs Viagra(Ⓡ) Film-Coated Tablets in Healthy Male Volunteers","Shaw A, Lawrence TE, Yan T, Liu M, Summers N, Daggumati V, Austria ST, Rondon JC, Hackley S, Vignesh SO, Hassan TA.","Curr Ther Res Clin Exp. 2023 Jun 9;99:100708. doi: 10.1016/j.curtheres.2023.100708. eCollection 2023.","Shaw A","Curr Ther Res Clin Exp","2023","2023/07/12","PMC10331808","","10.1016/j.curtheres.2023.100708"
"35893214","Bioequivalence, Drugs with Narrow Therapeutic Index and The Phenomenon of Biocreep: A Critical Analysis of the System for Generic Substitution","Gozzo L, Caraci F, Drago F.","Healthcare (Basel). 2022 Jul 26;10(8):1392. doi: 10.3390/healthcare10081392.","Gozzo L","Healthcare (Basel)","2022","2022/07/27","PMC9394341","","10.3390/healthcare10081392"
"24692824","Bioequivalence evaluation of two capsule formulations of amoxicillin in healthy adult male bangladeshi volunteers: A single-dose, randomized, open-label, two-period crossover study","Ullah A, Azad MA, Sultana R, Akbor MM, Hasan A, Latif M, Hasnat A.","Curr Ther Res Clin Exp. 2008 Dec;69(6):504-13. doi: 10.1016/S0011-393X(09)00002-2.","Ullah A","Curr Ther Res Clin Exp","2008","2014/04/03","PMC3969944","","10.1016/S0011-393X(09)00002-2"
"29403987","Liquid chromatography--tandem mass spectrometry method for simultaneous determination of albendazole and albendazole sulfoxide in human plasma for bioequivalence studies","Rathod DM, Patel KR, Mistri HN, Jangid AG, Shrivastav PS, Sanyal M.","J Pharm Anal. 2016 Aug;6(4):226-234. doi: 10.1016/j.jpha.2016.02.002. Epub 2016 Feb 24.","Rathod DM","J Pharm Anal","2016","2018/02/07","PMC5762601","","10.1016/j.jpha.2016.02.002"
"40176915","A randomized, open-label, two-period crossover study to evaluate the bioequivalence and food effect between two formulations of regorafenib in healthy adult participants","Li Y, Qi L, Yang C, Zhao N, Wang X.","Front Pharmacol. 2025 Mar 19;16:1511558. doi: 10.3389/fphar.2025.1511558. eCollection 2025.","Li Y","Front Pharmacol","2025","2025/04/03","PMC11962789","","10.3389/fphar.2025.1511558"
"38794260","A Two-Way Proposal for the Determination of Bioequivalence for Narrow Therapeutic Index Drugs in the European Union","Paixao P, Garcia Arieta A, Silva N, Petric Z, Bonelli M, Morais JAG, Blake K, Gouveia LF.","Pharmaceutics. 2024 Apr 28;16(5):598. doi: 10.3390/pharmaceutics16050598.","Paixao P","Pharmaceutics","2024","2024/05/25","PMC11125232","","10.3390/pharmaceutics16050598"
"39919133","Measles neutralising antibody levels in patients receiving intravenous immunoglobulin treatment - a sub-analysis of a randomized, cross-over bioequivalence trial","Rajendram V, Paddick M, More J.","PLoS One. 2025 Feb 7;20(2):e0316926. doi: 10.1371/journal.pone.0316926. eCollection 2025.","Rajendram V","PLoS One","2025","2025/02/07","PMC11805365","","10.1371/journal.pone.0316926"
"19876723","Bioequivalence tests based on individual estimates using non-compartmental or model-based analyses: evaluation of estimates of sample means and type I error for different designs","Dubois A, Gsteiger S, Pigeolet E, Mentré F.","Pharm Res. 2010 Jan;27(1):92-104. doi: 10.1007/s11095-009-9980-5. Epub 2009 Oct 30.","Dubois A","Pharm Res","2010","2009/10/31","PMC2881952","HALMS470343","10.1007/s11095-009-9980-5"
"29404023","An improved LC-MS/MS method for the quantification of alverine and para hydroxy alverine in human plasma for a bioequivalence study(☆)","Rathod DM, Patel KR, Mistri HN, Jangid AG, Shrivastav PS, Sanyal M.","J Pharm Anal. 2017 Apr;7(2):95-102. doi: 10.1016/j.jpha.2016.11.003. Epub 2016 Nov 26.","Rathod DM","J Pharm Anal","2017","2018/02/07","PMC5687197","","10.1016/j.jpha.2016.11.003"
"35543870","Bioequivalence Studies of New Generic Formulations of Vildagliptin and Fixed-Drug Combination of Vildagliptin and Metformin Versus Respective Originator Products in Healthy Volunteers","Schnaars Y, Gaikwad S, Gottwald-Hostalek U, Klingberg U, Vadla HKC, Prathap VR.","Diabetes Ther. 2022 Jun;13(6):1215-1229. doi: 10.1007/s13300-022-01269-1. Epub 2022 May 11.","Schnaars Y","Diabetes Ther","2022","2022/05/11","PMC9174400","","10.1007/s13300-022-01269-1"
"38766628","Genetic variation in UGT1A1 is not associated with altered liver biochemical parameters in healthy volunteers participating in bioequivalence trials","González-Iglesias E, Ochoa D, Román M, Soria-Chacartegui P, Martín-Vilchez S, Navares-Gómez M, De Miguel A, Zubiaur P, Rodríguez-Lopez A, Abad-Santos F, Novalbos J.","Front Pharmacol. 2024 May 3;15:1389968. doi: 10.3389/fphar.2024.1389968. eCollection 2024.","González-Iglesias E","Front Pharmacol","2024","2024/05/20","PMC11099905","","10.3389/fphar.2024.1389968"
"34288578","A Bioequivalence Study of Avanafil in Healthy Chinese Male Subjects Under Fasting and Fed Conditions: Results of a Randomized, Open-Label, Single-Dose, 2-Sequence, 2-Period Crossover Study","Ren X, Yu H, Qi X, Chen Q, Yang J, Fang Y, Lei Y, Zhang D, Zuo Q, Liu D.","Clin Pharmacol Drug Dev. 2021 Dec;10(12):1495-1502. doi: 10.1002/cpdd.998. Epub 2021 Jul 19.","Ren X","Clin Pharmacol Drug Dev","2021","2021/07/21","PMC9291160","","10.1002/cpdd.998"
"39750078","Bioequivalence of Preservative-Free and Preserved Omidenepag Isopropyl 0.002% Ophthalmic Solutions in Patients With Primary Open Angle Glaucoma or Ocular Hypertension: Phase 3 DAISY Study","Aihara M, Lu F, Ikeda T, Odani-Kawabata N.","J Glaucoma. 2025 Apr 1;34(4):310-316. doi: 10.1097/IJG.0000000000002533. Epub 2025 Jan 6.","Aihara M","J Glaucoma","2025","2025/01/03","PMC11952686","","10.1097/IJG.0000000000002533"
"37161687","The Bioequivalence Study of Two Dexketoprofen 25 mg Film-Coated Tablet Formulations in Healthy Males Under Fasting Conditions","Yerlikaya F, Arslan A, Baş H, Sağlam O, Aytaç SP.","Turk J Pharm Sci. 2023 May 9;20(2):115-120. doi: 10.4274/tjps.galenos.2022.95994.","Yerlikaya F","Turk J Pharm Sci","2023","2023/05/10","PMC10176624","","10.4274/tjps.galenos.2022.95994"
"25237332","Bioequivalence Comparison of Two Formulations of Fixed-Dose Combination Glimepiride/Metformin (2/500 mg)Tablets in Healthy Volunteers","Jung SH, Chae JW, Song BJ, Kwona KI.","Iran J Pharm Res. 2014 Spring;13(2):365-71.","Jung SH","Iran J Pharm Res","2014","2014/09/20","PMC4157012","",""
"38414712","Bioequivalence of a New Pediatric Paracetamol Oral Suspension Compared With a Marketed Formulation in Healthy Adults: A Randomized, Open-Label Study","Grim J, Armogida M, Kachroo P, Siddiqui K, Cavinato M, Araga M.","Curr Ther Res Clin Exp. 2024 Feb 1;100:100734. doi: 10.1016/j.curtheres.2024.100734. eCollection 2024.","Grim J","Curr Ther Res Clin Exp","2024","2024/02/28","PMC10897852","","10.1016/j.curtheres.2024.100734"
"25853070","Development and Validation of a LC-MS/MS Method for the Simultaneous Estimation of Amlodipine and Valsartan in Human Plasma: Application to a Bioequivalence Study","Jangala H, Vats P, Khuroo AH, Monif T.","Sci Pharm. 2014 Mar 26;82(3):585-600. doi: 10.3797/scipharm.1402-11. Print 2014 Jul-Sep.","Jangala H","Sci Pharm","2014","2015/04/09","PMC4318187","","10.3797/scipharm.1402-11"
"28756607","A Randomized, Open-Label, Two-Way Crossover, Single-Dose Bioequivalence Study of Temozolomide 200 mg/m(2) (Dralitem(®) vs. Temodal(®) Capsules) in Patients with Primary Tumors of the Central Nervous System Under Fasting Conditions","Muggeri A, Vago M, Pérez S, Rubio M, González C, Magariños C, Rosenberg M, Costa F, Pérez-Lloret S.","Drugs R D. 2017 Sep;17(3):427-434. doi: 10.1007/s40268-017-0199-3.","Muggeri A","Drugs R D","2017","2017/07/31","PMC5629139","","10.1007/s40268-017-0199-3"
"35510948","A Single-blind, Randomized, Single-dose, Two-sequence, Two-period, Crossover Study to Assess the Bioequivalence between Two Oral Tablet Formulations of Rivaroxaban 20 mg in Healthy Mexican Volunteers","Genis-Najera L, Sañudo-Maury ME, Moquete T.","Clin Pharmacol Drug Dev. 2022 Jul;11(7):826-831. doi: 10.1002/cpdd.1092. Epub 2022 May 5.","Genis-Najera L","Clin Pharmacol Drug Dev","2022","2022/05/05","PMC9321699","","10.1002/cpdd.1092"
"38164456","Corrigendum: Applications of exhaled breath condensate analysis for drug monitoring and bioequivalence study of inhaled drugs","Hashemzadeh N, Rahimpour E, Jouyban A.","J Pharm Pharm Sci. 2023 Dec 18;26:12042. doi: 10.3389/jpps.2023.12042. eCollection 2023.","Hashemzadeh N","J Pharm Pharm Sci","2023","2024/01/02","PMC10758231","","10.3389/jpps.2023.12042"
"37497115","Development of a UPLC-ESI-MS/MS method for the determination of triamcinolone acetonide in human plasma and evaluation of its bioequivalence after a single intramuscular injection in healthy volunteers","Zhao P, Qi Y.","Front Pharmacol. 2023 Jul 11;14:1223112. doi: 10.3389/fphar.2023.1223112. eCollection 2023.","Zhao P","Front Pharmacol","2023","2023/07/27","PMC10367002","","10.3389/fphar.2023.1223112"
"40145551","Bioequivalence of China- and Germany-manufactured bisoprolol (Concor(®)) tablets in fasted and fed healthy Chinese participants: a randomized, open-label, two-way, crossover study","Yin H, Jin Z, Li R, Li D, Wang L, Dong R.","Front Pharmacol. 2025 Mar 12;16:1527623. doi: 10.3389/fphar.2025.1527623. eCollection 2025.","Yin H","Front Pharmacol","2025","2025/03/27","PMC11936814","","10.3389/fphar.2025.1527623"
"24756462","Bioequivalence study of two formulations of ibandronic acid 150-mg film-coated tablets in healthy volunteers under fasting conditions: a randomized, open-label, three-way, reference-replicated crossover study","Filipe A, Pedroso P, Almeida S, Neves R, Boudreault S.","Drugs R D. 2014 Jun;14(2):105-12. doi: 10.1007/s40268-014-0044-x.","Filipe A","Drugs R D","2014","2014/04/24","PMC4070455","","10.1007/s40268-014-0044-x"
"27168757","A simple and sensitive HPLC method for analysis of imipramine in human plasma with UV detection and liquid-liquid extraction: Application in bioequivalence studies","Rezazadeh M, Emami J.","Res Pharm Sci. 2016 Mar-Apr;11(2):168-76.","Rezazadeh M","Res Pharm Sci","2016","2016/05/12","PMC4852662","",""
"32055547","Retraction and Republication: A post hoc analysis of intra-subject coefficients of variation in pharmacokinetic measures to calculate optimal sample sizes for bioequivalence studies","Chung I, Oh J, Lee S, Jang IJ, Lee Y, Chung JY.","Transl Clin Pharmacol. 2018 Mar;26(1):48. doi: 10.12793/tcp.2018.26.1.48. Epub 2018 Mar 16.","Chung I","Transl Clin Pharmacol","2018","2020/02/15","PMC6989219","","10.12793/tcp.2018.26.1.48"
"24106673","A Randomized, Crossover, Single-Dose Bioequivalence Study of Two Extended-Release Tablets of Donepezil 23 mg in Healthy Human Volunteers under Fasting and Fed States","Gadiko C, Tippabhotla SK, Thota S, Battula R, Khan SM, Vobalaboina V.","Sci Pharm. 2013 Apr 25;81(3):777-91. doi: 10.3797/scipharm.1302-13. Print 2013 Jul-Sep.","Gadiko C","Sci Pharm","2013","2013/10/10","PMC3791939","","10.3797/scipharm.1302-13"
"31802401","Authors' Reply to Krebs-Brown et al. Comment on: ""Why Were More Than 200 Subjects Required to Demonstrate the Bioequivalence of a New Formulation of Levothyroxine with an Old One?""","Concordet D, Gandia P, Montastruc JL, Bousquet-Mélou A, Lees P, Ferran AA, Toutain PL.","Clin Pharmacokinet. 2020 Feb;59(2):269-271. doi: 10.1007/s40262-019-00848-z.","Concordet D","Clin Pharmacokinet","2020","2019/12/06","PMC7007435","","10.1007/s40262-019-00848-z"
"41189551","A survey of regulatory recommendations for waivers of in vivo bioequivalence studies of generic products for certain dosage forms by participating regulators and organisations of the International Pharmaceutical Regulators Programme. Part 2","García-Arieta A, Tam A, Tiseyra F, Fernandes EAF, Soares KCC, Pereira RS, Potthast H, Mettke K, Chang YW, Hsu LF, Su YL, Martínez ZR, Divinsky M, Blake K, Braddy AC, Rodrigues C, Toh T, Aurela EG, González LCA, Jones B, Kim SH, Ahn C, Yun E, Kuribayashi R, Shimojo K, Kasuga M, Makino J, Raffel J, van Oudtshoorn J, Tabane P, Alzenaidy B, AlHarbi M, Alharf A, BinAjlan A, Walther C, Roost MS, Crane C, Lee K.","J Pharm Pharm Sci. 2025 Oct 20;28:14721. doi: 10.3389/jpps.2025.14721. eCollection 2025.","García-Arieta A","J Pharm Pharm Sci","2025","2025/11/05","PMC12580124","","10.3389/jpps.2025.14721"
"34779392","Randomized, double-blind, two-way crossover bioequivalence and adhesion study, in healthy women, of a transdermal contraceptive patch with a newly sourced adhesive component at the end of shelf life vs. the EVRA patch at the beginning of shelf life","Sanga M, Vaughan S, Nangosyah J, Scholz V, Fonseca S.","Int J Clin Pharmacol Ther. 2022 Jan;60(1):67-78. doi: 10.5414/CP204034.","Sanga M","Int J Clin Pharmacol Ther","2022","2021/11/15","PMC8670371","","10.5414/CP204034"
"32418143","Implementation of a Reference-Scaled Average Bioequivalence Approach for Highly Variable Acetylsalicylic Acid in Fixed-Dose Combination with Clopidogrel Versus Enteric Aspirin in Chinese Subjects Under Fasting Conditions: A Phase 1, Open-Label, Randomized, Crossover Study","Wang L, Di Y, Guo T, Ming JE, Kong F, Yin H, Zhang L, Xie F, Yang N, Ping C, Li Y, Hou J.","Adv Ther. 2020 Jun;37(6):2696-2709. doi: 10.1007/s12325-020-01369-z. Epub 2020 May 16.","Wang L","Adv Ther","2020","2020/05/18","PMC7467447","","10.1007/s12325-020-01369-z"
"32606914","A Randomized, Open-Label, Bioequivalence Study of Lidocaine Topical System 1.8% and Lidocaine Patch 5% in Healthy Subjects","Gudin J, Argoff C, Fudin J, Greuber E, Vought K, Patel K, Nalamachu S.","J Pain Res. 2020 Jun 22;13:1485-1496. doi: 10.2147/JPR.S237934. eCollection 2020.","Gudin J","J Pain Res","2020","2020/07/02","PMC7319520","","10.2147/JPR.S237934"
"29281130","Effect of Study Design on Sample Size in Studies Intended to Evaluate Bioequivalence of Inhaled Short-Acting β-Agonist Formulations","Zeng Y, Singh S, Wang K, Ahrens RC.","J Clin Pharmacol. 2018 Apr;58(4):457-465. doi: 10.1002/jcph.1045. Epub 2017 Dec 27.","Zeng Y","J Clin Pharmacol","2018","2017/12/28","PMC5901014","","10.1002/jcph.1045"
"18512159","Scientific perspectives on extending the provision for waivers of in vivo bioavailability and bioequivalence studies for drug products containing high solubility-low permeability drugs (BCS-Class 3)","Stavchansky S.","AAPS J. 2008 Jun;10(2):300-5. doi: 10.1208/s12248-008-9030-y. Epub 2008 May 30.","Stavchansky S","AAPS J","2008","2008/05/31","PMC2751380","","10.1208/s12248-008-9030-y"
"24302833","Bioanalytical method development and validation of alimemazine in human plasma by LC-MS/MS and its application in bioequivalence studies","Singh B, Sharma S, Dubey N, Dwivedi A, Lokhandae RS.","J Pharm Bioallied Sci. 2013 Oct;5(4):257-64. doi: 10.4103/0975-7406.120068.","Singh B","J Pharm Bioallied Sci","2013","2013/12/05","PMC3831738","","10.4103/0975-7406.120068"
"32724701","Determination of Isosorbide-5-Mononitrate in Human Plasma by High-Performance Liquid Chromatography-Tandem Mass Spectrometry and Its Application to a Bioequivalence Study","Zhou Y, Liu A, Jia R, Wu M, Wu N, Liu C, Han Z, Hu H, Wang H, He Q.","J Anal Methods Chem. 2020 Jul 17;2020:1753265. doi: 10.1155/2020/1753265. eCollection 2020.","Zhou Y","J Anal Methods Chem","2020","2020/07/30","PMC7382726","","10.1155/2020/1753265"
"33831737","A novel LC-MS/MS method for determination of the potential antiviral candidate favipiravir for the emergency treatment of SARS-CoV-2 virus in human plasma: Application to a bioequivalence study in Egyptian human volunteers","Morsy MI, Nouman EG, Abdallah YM, Zainelabdeen MA, Darwish MM, Hassan AY, Gouda AS, Rezk MR, Abdel-Megied AM, Marzouk HM.","J Pharm Biomed Anal. 2021 May 30;199:114057. doi: 10.1016/j.jpba.2021.114057. Epub 2021 Apr 1.","Morsy MI","J Pharm Biomed Anal","2021","2021/04/08","PMC8015396","","10.1016/j.jpba.2021.114057"
"22567548","Bioanalytical method development and validation of memantine in human plasma by high performance liquid chromatography with tandem mass spectrometry: application to bioequivalence study","Konda RK, Challa BR, Chandu BR, Chandrasekhar KB.","J Anal Methods Chem. 2012;2012:101249. doi: 10.1155/2012/101249. Epub 2012 Mar 22.","Konda RK","J Anal Methods Chem","2012","2012/05/09","PMC3335321","","10.1155/2012/101249"
"27536459","Evaluation of bioequivalence of five 0.1 mg dutasteride capsules compared to one 0.5 mg dutasteride capsule: a randomized study in healthy male volunteers","Fossler MJ, Collins DA, Ino H, Sarai N, Ravindranath R, Bowen CL, Burns O.","J Drug Assess. 2015 Jul 14;4(1):24-9. doi: 10.3109/21556660.2015.1067219. eCollection 2015.","Fossler MJ","J Drug Assess","2015","2016/08/19","PMC4937626","","10.3109/21556660.2015.1067219"
"37539152","Factors associated with increased risk of lurasidone-induced somnolence: Two case-control studies based on one bioequivalence trial in healthy volunteers","Yu H, Qi X, Fang Y, Wang K, Zhang D, Chen Q, Liu D, Ren X.","Heliyon. 2023 Jul 1;9(7):e17905. doi: 10.1016/j.heliyon.2023.e17905. eCollection 2023 Jul.","Yu H","Heliyon","2023","2023/08/04","PMC10395280","","10.1016/j.heliyon.2023.e17905"
"33917118","An In Vivo Predictive Dissolution Methodology (iPD Methodology) with a BCS Class IIb Drug Can Predict the In Vivo Bioequivalence Results: Etoricoxib Products","Gonzalez-Alvarez I, Bermejo M, Tsume Y, Ruiz-Picazo A, Gonzalez-Alvarez M, Hens B, Garcia-Arieta A, Amidon GE, Amidon GL.","Pharmaceutics. 2021 Apr 7;13(4):507. doi: 10.3390/pharmaceutics13040507.","Gonzalez-Alvarez I","Pharmaceutics","2021","2021/04/30","PMC8067797","","10.3390/pharmaceutics13040507"
"37745062","Pharmacokinetics and safety of highly variable valsartan in single-pill combination with amlodipine versus its generic formulation: a randomized, three-cycle, three-sequence, partially replicated crossover phase I bioequivalence clinical trial","Qiu B, Song H, Ding C, Sun X, Du R, Yang H, Bai W, Dong Z.","Front Pharmacol. 2023 Sep 7;14:1264321. doi: 10.3389/fphar.2023.1264321. eCollection 2023.","Qiu B","Front Pharmacol","2023","2023/09/25","PMC10512707","","10.3389/fphar.2023.1264321"
"38846170","Bioequivalence Study of Two Formulations of Simvastatin 20 mg Tablet in Healthy Filipino Participants under Fasting Conditions: A Randomized, Open-label, Two-way Crossover Study","Alvero RGY, Aquino RCC, Balmadrid AS, Balaccua GP.","Acta Med Philipp. 2024 Apr 15;58(6):30-36. doi: 10.47895/amp.vi0.7078. eCollection 2024.","Alvero RGY","Acta Med Philipp","2024","2024/06/07","PMC11151126","","10.47895/amp.vi0.7078"
"37324482","Corrigendum: Pharmacokinetics and bioequivalence study of esomeprazole magnesium enteric-coated tablets 20 mg in healthy Chinese subjects under fasting and fed conditions","Ding Y, Chu N, Que L, Huang K, Chen Y, Qin W, Qian Z, Shi Y, Xu Z, He Q.","Front Pharmacol. 2023 Jun 1;14:1217008. doi: 10.3389/fphar.2023.1217008. eCollection 2023.","Ding Y","Front Pharmacol","2023","2023/06/16","PMC10267814","","10.3389/fphar.2023.1217008"
"38966608","A Feasibility Study on Re-establishing the Bioavailability/Bioequivalence Unit of the Department of Pharmacology and Toxicology, College of Medicine-University of the Philippines Manila","Estole-Casanova LA, Tolosa EN, Pacaro LB, Jimeno CA, Cagayan MSFS, Yabes AM, Quiming NS, Panganiban LCR.","Acta Med Philipp. 2024 Mar 15;58(4):26-39. doi: 10.47895/amp.vi0.6685. eCollection 2024.","Estole-Casanova LA","Acta Med Philipp","2024","2024/07/05","PMC11220138","","10.47895/amp.vi0.6685"
"33776768","The Bioequivalence of Emulsified Isoflurane With a New Formulation of Emulsion: A Single-Center, Single-Dose, Double-Blinded, Randomized, Two-Period Crossover Study","Yang H, Yin Q, Huang L, Zhang M, Zhang X, Sun Q, Liu X, Wang Q, Yang X, Tan L, Ye M, Liu J.","Front Pharmacol. 2021 Mar 10;12:626307. doi: 10.3389/fphar.2021.626307. eCollection 2021.","Yang H","Front Pharmacol","2021","2021/03/29","PMC7988084","","10.3389/fphar.2021.626307"
"33175860","Measurement of fasted state gastric antral motility before and after a standard bioavailability and bioequivalence 240 mL drink of water: Validation of MRI method against concomitant perfused manometry in healthy participants","Heissam K, Abrehart N, Hoad CL, Wright J, Menys A, Murray K, Glover PM, Hebbard G, Gowland PA, Baker J, Hasler WL, Spiller RC, Corsetti M, Brasseur JG, Hens B, Shedden K, Dickens J, Mudie DM, Amidon GE, Amidon GL, Marciani L.","PLoS One. 2020 Nov 11;15(11):e0241441. doi: 10.1371/journal.pone.0241441. eCollection 2020.","Heissam K","PLoS One","2020","2020/11/11","PMC7657519","","10.1371/journal.pone.0241441"
"32215699","Correction to: Evaluation of the bioequivalence and food effect on the bioavailability of CC-486 (oral azacitidine) tablets in adult patients with cancer","Babiker HM, Milhem M, Aisner J, Edenfield W, Shepard D, Savona M, Iyer S, Abdelrahim M, Beach CL, Skikne B, Laille E, Tsai KT, Ho T.","Cancer Chemother Pharmacol. 2020 May;85(5):1009-1010. doi: 10.1007/s00280-020-04056-6.","Babiker HM","Cancer Chemother Pharmacol","2020","2020/03/28","PMC7645457","","10.1007/s00280-020-04056-6"
"26819930","Simple and Sensitive High-Performance Liquid Chromatography (HPLC) Method with UV Detection for Mycophenolic Acid Assay in Human Plasma. Application to a Bioequivalence Study","Danafar H, Hamidi M.","Adv Pharm Bull. 2015 Nov;5(4):563-8. doi: 10.15171/apb.2015.076. Epub 2015 Nov 30.","Danafar H","Adv Pharm Bull","2015","2016/01/29","PMC4729343","","10.15171/apb.2015.076"
"40047784","Pharmacokinetics and bioequivalence of two formulations of the S-1 (tegafur/gimeracil/oxonate) capsule in Chinese cancer patients under fasting and fed conditions: a multicenter, randomized, open-label, single-dose, double-cycle crossover study","Lu J, Lei Y, Mo Y, Wang X, Liu W, Yan Y, Yang H, Li C, Huang L, Shen Q, Wang C, Chen J, Chen L, Li X.","Front Pharmacol. 2025 Feb 19;16:1494902. doi: 10.3389/fphar.2025.1494902. eCollection 2025.","Lu J","Front Pharmacol","2025","2025/03/06","PMC11879792","","10.3389/fphar.2025.1494902"
"36365166","Evaluation of a Proposed Approach for the Determination of the Bioequivalence Acceptance Range for Narrow Therapeutic Index Drugs in the European Union","Paixão P, Silva N, Guerreiro RB, Blake K, Bonelli M, Morais JAG, García-Arieta A, Gouveia LF.","Pharmaceutics. 2022 Oct 31;14(11):2349. doi: 10.3390/pharmaceutics14112349.","Paixão P","Pharmaceutics","2022","2022/11/11","PMC9697618","","10.3390/pharmaceutics14112349"
"32970315","Bioequivalence Study Comparing Fixed-Dose Combination of Clopidogrel and Aspirin with Coadministration of Individual Formulations in Chinese Subjects Under Fed Conditions: A Phase I, Open-Label, Randomized, Crossover Study","Li Y, Ming JE, Kong F, Yin H, Zhang L, Bai H, Liu H, Qi L, Wang Y, Xie F, Yang N, Ping C, Li Y, Chen L, Han C, Liu J, Wang X.","Adv Ther. 2020 Nov;37(11):4660-4674. doi: 10.1007/s12325-020-01486-9. Epub 2020 Sep 24.","Li Y","Adv Ther","2020","2020/09/24","PMC7547973","","10.1007/s12325-020-01486-9"
"37440782","Fed and fasted bioequivalence assessment of two formulations of extended-release fixed-dose combination dapagliflozin/metformin (10/1,000 mg) tablets in healthy subjects","Lee HW, Kang WY, Park JS, Lee JH, Gwon MR, Yang DH, Kim EH, Park SJ, Yoon YR, Seong SJ.","Transl Clin Pharmacol. 2023 Jun;31(2):105-113. doi: 10.12793/tcp.2023.31.e10. Epub 2023 Jun 26.","Lee HW","Transl Clin Pharmacol","2023","2023/07/13","PMC10333646","","10.12793/tcp.2023.31.e10"
"28744102","Bioequivalence of generic alendronate sodium tablets (70 mg) to Fosamax(®) tablets (70 mg) in fasting, healthy volunteers: a randomized, open-label, three-way, reference-replicated crossover study","Zhang Y, Chen X, Tang Y, Lu Y, Guo L, Zhong D.","Drug Des Devel Ther. 2017 Jul 11;11:2109-2119. doi: 10.2147/DDDT.S138286. eCollection 2017.","Zhang Y","Drug Des Devel Ther","2017","2017/07/27","PMC5513855","","10.2147/DDDT.S138286"
"39934428","A randomized, two-armed, double-blind, single-dose, cross-over, bioequivalence clinical trial to compare pharmacokinetic parameters and safety of recombinant human factor VIII with Fc fusion produced by AryoGen Pharmed Company versus Elocta(®) (reference product) in previously treated patients with severe haemophilia A","Eghbali A, Eshghi P, Toogeh G, Alavi S, Badiei Z, Ghanavat M, Bordbar M, Bazrafshan A, Karimi K, Ahmadinejad M, Sabzvari A, Kafi H.","Ann Hematol. 2025 Feb;104(2):1195-1202. doi: 10.1007/s00277-025-06242-z. Epub 2025 Feb 12.","Eghbali A","Ann Hematol","2025","2025/02/11","PMC11971217","","10.1007/s00277-025-06242-z"
"24936102","Bioequivalence study of two formulations of enalapril, at a single oral dose of 20 mg (tablets): A randomized, two-way, open-label, crossover study in healthy volunteers","Portolés A, Terleira A, Almeida S, García-Arenillas M, Caturla MC, Filipe A, Vargas E.","Curr Ther Res Clin Exp. 2004 Jan;65(1):34-46. doi: 10.1016/S0011-393X(04)90003-3.","Portolés A","Curr Ther Res Clin Exp","2004","2014/06/18","PMC4052970","","10.1016/S0011-393X(04)90003-3"
"29403993","SPE-UPLC-MS/MS assay for determination of letrozole in human plasma and its application to bioequivalence study in healthy postmenopausal Indian women","Vanol PG, Singhal P, Shah PA, Shah JV, Shrivastav PS, Sanyal M.","J Pharm Anal. 2016 Aug;6(4):276-281. doi: 10.1016/j.jpha.2016.05.004. Epub 2016 May 20.","Vanol PG","J Pharm Anal","2016","2018/02/07","PMC5762604","","10.1016/j.jpha.2016.05.004"
"40949117","Pharmacokinetics and safety of highly variable nitroglycerin lingual spray (NLS) versus US-licensed nitroglycerin lingual spray reference product (Nitrolingual(®)): a randomized, four-cycle, four-sequence, partially replicated crossover Phase I bioequivalence clinical trial","Fang Y, Qi L, Wang Y, Han C, Zhang Q, Liu X, Liu J, Cheng X, Li Y, Li Y, Sun M, Liu L, Li P, Zhang Y, Liu H, Wang X.","Front Pharmacol. 2025 Aug 28;16:1631341. doi: 10.3389/fphar.2025.1631341. eCollection 2025.","Fang Y","Front Pharmacol","2025","2025/09/15","PMC12422889","","10.3389/fphar.2025.1631341"
"36164574","Fabric phase sorptive extraction coupled with UPLC-ESI-MS/MS method for fast and sensitive quantitation of tadalafil in a bioequivalence study","Ahmed SA, Alalawi AM, Shehata AM, Alqurshi AA, Alahmadi YM, S M Ali H.","Saudi Pharm J. 2022 Aug;30(8):1143-1152. doi: 10.1016/j.jsps.2022.06.001. Epub 2022 Jun 18.","Ahmed SA","Saudi Pharm J","2022","2022/09/27","PMC9508631","","10.1016/j.jsps.2022.06.001"
"34452100","Bioequivalence of Oral Drug Products in the Healthy and Special Populations: Assessment and Prediction Using a Newly Developed In Vitro System ""BE Checker""","Masada T, Takagi T, Minami K, Kataoka M, Izutsu KI, Matsui K, Yamashita S.","Pharmaceutics. 2021 Jul 26;13(8):1136. doi: 10.3390/pharmaceutics13081136.","Masada T","Pharmaceutics","2021","2021/08/28","PMC8398564","","10.3390/pharmaceutics13081136"
"34378307","Pharmacokinetic and pharmacodynamic bioequivalence between regular human insulin (rDNA origin) in 0.9% sodium chloride ready-to-use infusion 1 U/mL and 100 U/mL concentrate diluted to 1 U/mL in healthy males","Hompesch M, Hawryluk A, Hernandez M, Uchil B, Wilmington A, Peterson L.","Diabetes Obes Metab. 2021 Dec;23(12):2679-2686. doi: 10.1111/dom.14520. Epub 2021 Sep 8.","Hompesch M","Diabetes Obes Metab","2021","2021/08/11","PMC9290613","","10.1111/dom.14520"
"36972261","Health professionals' perceptions on local production and bioequivalence study of generic medicines: A cross-sectional survey of physicians and pharmacy professionals in Addis Ababa, Ethiopia","Selam MN, Mengstu AT, Fentie AM, Gebretekle GB, Ali EE, Belete A.","PLoS One. 2023 Mar 27;18(3):e0281665. doi: 10.1371/journal.pone.0281665. eCollection 2023.","Selam MN","PLoS One","2023","2023/03/27","PMC10042336","","10.1371/journal.pone.0281665"
"38543284","In Vivo Predictive Dissolution and Biopharmaceutic-Based In Silico Model to Explain Bioequivalence Results of Valsartan, a Biopharmaceutics Classification System Class IV Drug","Gonzalez-Alvarez I, Ruiz-Picazo A, Selles-Talavera R, Figueroa-Campos A, Merino V, Bermejo M, Gonzalez-Alvarez M.","Pharmaceutics. 2024 Mar 13;16(3):390. doi: 10.3390/pharmaceutics16030390.","Gonzalez-Alvarez I","Pharmaceutics","2024","2024/03/28","PMC10974868","","10.3390/pharmaceutics16030390"
"26038960","Using a single tablet daily to treat latent tuberculosis infection in Brazil: bioequivalence of two different isoniazid formulations (300 mg and 100 mg) demonstrated by a sensitive and rapid high-performance liquid chromatography-tandem mass spectrometry method in a randomised, crossover study","Daher A, Pitta L, Santos T, Barreira D, Pinto D.","Mem Inst Oswaldo Cruz. 2015 Jun;110(4):543-50. doi: 10.1590/0074-02760140458. Epub 2015 Jun 2.","Daher A","Mem Inst Oswaldo Cruz","2015","2015/06/04","PMC4501419","","10.1590/0074-02760140458"
"34912388","Clinical Re-evaluation on Bioequivalence and Relative Bioavailability of Micronized Progesterone Hard Capsule (Yimaxin) and Micronized Progesterone Soft Capsule (Utrogestan) under Vaginal and Oral Administration Routes","Wang H, Liu M, Chen R, Deng C.","Pak J Med Sci. 2021 Nov-Dec;37(7):1740-1746. doi: 10.12669/pjms.37.7.3949.","Wang H","Pak J Med Sci","2021","2021/12/16","PMC8613046","","10.12669/pjms.37.7.3949"
"26843897","Bioequivalence of Alendronate and Vitamin D3 in a Combination Tablet Versus Corresponding-Dose Individual Tablets in Healthy Taiwanese Volunteers, Determined Using a Novel Plasma Alendronate Assay","Wright DH, Mols R, Brown KR, Yeh GC, Woolf E, Hickey L, Zajic S.","Curr Ther Res Clin Exp. 2015 Oct 14;77:116-21. doi: 10.1016/j.curtheres.2015.10.001. eCollection 2015 Dec.","Wright DH","Curr Ther Res Clin Exp","2015","2016/02/05","PMC4701716","","10.1016/j.curtheres.2015.10.001"
"35061235","Bioequivalence and Safety Assessment of Two Formulations of Metformin Hydrochloride Sustained-Release Tablets (Yuantang(®) SR and Glucophage(®) XR) Under Fed Conditions in Healthy Chinese Adult Subjects: An Open-Label, Two-Way Crossover, Sequence Randomized Phase I Clinical Trial","Sun ML, Liu HJ, Luo XD, Wang Y, Zhang W, Liu C, Wang X.","Drugs R D. 2022 Mar;22(1):51-60. doi: 10.1007/s40268-021-00377-w. Epub 2022 Jan 21.","Sun ML","Drugs R D","2022","2022/01/21","PMC8885941","","10.1007/s40268-021-00377-w"
"24683222","Single-dose bioequivalence assessment of two formulations of polysaccharide iron complex capsules in healthy adult male Chinese volunteers: A sequence-randomized, double-blind, two-way crossover study","Zhang YY, Liu JH, Su F, Lui YT, Li JF.","Curr Ther Res Clin Exp. 2009 Apr;70(2):104-15. doi: 10.1016/j.curtheres.2009.04.006.","Zhang YY","Curr Ther Res Clin Exp","2009","2014/04/01","PMC3967362","","10.1016/j.curtheres.2009.04.006"
"28884969","Evaluation of Bioequivalence Between the New Procaterol Hydrochloride Hydrate Dry Powder Inhaler and the Approved Dry Powder Inhaler in Patients With Asthma in a Randomized, Double-Blind, Double-Dummy, Crossover Comparison Study: A Phase 3 Study","Shirai R, Suzaki Y, Sato K, Takeuchi Y, Tokimatsu I, Koga N, Kadota J, Ohashi K.","Clin Pharmacol Drug Dev. 2018 May;7(4):392-399. doi: 10.1002/cpdd.379. Epub 2017 Sep 8.","Shirai R","Clin Pharmacol Drug Dev","2018","2017/09/09","PMC5947263","","10.1002/cpdd.379"
"37765334","Effect of the Similarity of Formulations and Excipients of Approved Generic Drug Products on In Vivo Bioequivalence for Putative Biopharmaceutics Classification System Class III Drugs","Ren P, Chan T, Yang WC, Frost M, Wang Y, Luke M, Kim MJ, Lionberger R, Zhang Y.","Pharmaceutics. 2023 Sep 21;15(9):2366. doi: 10.3390/pharmaceutics15092366.","Ren P","Pharmaceutics","2023","2023/09/28","PMC10534858","","10.3390/pharmaceutics15092366"
"24250200","Three-way, three-period, crossover bioequivalence study of single oral dose of three brands of 300 mg phenytoin sodium tablets marketed in India, on healthy Indian human volunteers","Doshi MS, Naik AA, Mehta MR, Gogtay NJ, Thatte UM, Menon MD.","J Pharmacol Pharmacother. 2013 Oct;4(4):243-6. doi: 10.4103/0976-500X.119709.","Doshi MS","J Pharmacol Pharmacother","2013","2013/11/20","PMC3825999","","10.4103/0976-500X.119709"
"35762448","Bioequivalence of a biosimilar enoxaparin (Cloti-Xa™) and its innovator (Clexane(®) ): A single-dose, randomized, double-blind, two-period, two-treatment, two-sequence, crossover, balanced study in healthy human subjects","Saxena S, Chaudhary M, Chaudhary S, Aggarwal A.","Pharmacol Res Perspect. 2022 Aug;10(4):e00979. doi: 10.1002/prp2.979.","Saxena S","Pharmacol Res Perspect","2022","2022/06/28","PMC9237834","","10.1002/prp2.979"
"24692768","Bioequivalence of Two Formulations of a Single Oral Dose of 500-mg Azithromycin Granules: A Randomized, Open-Label, Two-Period Crossover Study in Healthy Han Chinese Volunteers","Ren J, Jiang XH, Li K, Zhang C, Li C, Wang L.","Curr Ther Res Clin Exp. 2007 Sep;68(5):369-77. doi: 10.1016/j.curtheres.2007.10.005.","Ren J","Curr Ther Res Clin Exp","2007","2014/04/03","PMC3969918","","10.1016/j.curtheres.2007.10.005"
"","MON-691 Oral Delivery Of A Bispecific GLP-1/GLP-2 Receptor Agonist (PG-102) Via A Robotic Pill (RT-114) Achieves Bioequivalence To Subcutaneous Injection In Canines","Dasari A, Dhalla A, Fung L, Hashim M, Horlen K, Kaminskaya K, Kennedy H, Kim HJ, Kim J, Kim JG, Kim SW, Lee S, Mohan D, Patel N, Song K, Toledo Vo A, Yamaguchi A, Yang SI.","J Endocr Soc. 2025 Oct 22;9(Suppl 1):bvaf149.029. doi: 10.1210/jendso/bvaf149.029. eCollection 2025 Oct-Nov.","Dasari A","J Endocr Soc","2025","","PMC12545325","","10.1210/jendso/bvaf149.029"
"36121865","Bioequivalence of micronutrient powders to Corn-soy Blend on serum zinc concentration of children (6-36 months) with Moderate Acute Malnutrition in Thika urban slums, Kenya: A cluster-randomized controlled trial","Kiio J, Ochola S, Nduati R, Kuria E, Mathenge S, Okoth J.","PLoS One. 2022 Sep 19;17(9):e0274870. doi: 10.1371/journal.pone.0274870. eCollection 2022.","Kiio J","PLoS One","2022","2022/09/19","PMC9484639","","10.1371/journal.pone.0274870"
"35041046","Bioequivalence of long-chain omega-3 polyunsaturated fatty acids from foods enriched with a novel vegetable-based omega-3 delivery system compared to gel capsules: a randomized controlled cross-over acute trial","Stonehouse W, Klingner B, Tso R, Teo PS, Terefe NS, Forde CG.","Eur J Nutr. 2022 Jun;61(4):2129-2141. doi: 10.1007/s00394-021-02795-7. Epub 2022 Jan 18.","Stonehouse W","Eur J Nutr","2022","2022/01/18","PMC9106597","","10.1007/s00394-021-02795-7"
"29375477","Open-Label, Randomized, Two-Way, Crossover Study Assessing the Bioequivalence of the Liquid Formulation versus the Freeze-Dried Formulation of Recombinant Human FSH and Recombinant Human LH in a Fixed 2:1 Combination (Pergoveris(®)) in Pituitary-Suppressed Healthy Women","Bagchus W, Yalkinoglu Ö, Wolna P.","Front Endocrinol (Lausanne). 2018 Jan 11;8:371. doi: 10.3389/fendo.2017.00371. eCollection 2017.","Bagchus W","Front Endocrinol (Lausanne)","2018","2018/01/30","PMC5768635","","10.3389/fendo.2017.00371"
